{
    "type": "FeatureCollection",
    "features": [
        {
            "type": "Feature",
            "properties": {
                "source": "https://simplemaps.com",
                "id": "DETH",
                "name": "Thüringen"
            },
            "geometry": {
                "type": "MultiPolygon",
                "coordinates": [
                    [
                        [
                            [
                                9.877671,
                                50.643602
                            ],
                            [
                                9.879532,
                                50.637116
                            ],
                            [
                                9.882632,
                                50.634016
                            ],
                            [
                                9.886973,
                                50.63324
                            ],
                            [
                                9.894621,
                                50.635049
                            ],
                            [
                                9.898032,
                                50.636341
                            ],
                            [
                                9.901598,
                                50.637271
                            ],
                            [
                                9.905473,
                                50.637555
                            ],
                            [
                                9.909659,
                                50.63678
                            ],
                            [
                                9.925782,
                                50.630062
                            ],
                            [
                                9.933999,
                                50.628047
                            ],
                            [
                                9.9433,
                                50.627143
                            ],
                            [
                                9.947693,
                                50.627427
                            ],
                            [
                                9.951414,
                                50.628383
                            ],
                            [
                                9.954204,
                                50.630192
                            ],
                            [
                                9.95715,
                                50.635359
                            ],
                            [
                                9.960405,
                                50.639648
                            ],
                            [
                                9.95994,
                                50.64187
                            ],
                            [
                                9.95746,
                                50.644299
                            ],
                            [
                                9.949553,
                                50.650294
                            ],
                            [
                                9.947331,
                                50.652929
                            ],
                            [
                                9.946711,
                                50.655513
                            ],
                            [
                                9.947176,
                                50.658355
                            ],
                            [
                                9.948623,
                                50.660732
                            ],
                            [
                                9.950949,
                                50.662748
                            ],
                            [
                                9.954514,
                                50.663885
                            ],
                            [
                                9.970792,
                                50.666572
                            ],
                            [
                                9.977924,
                                50.668846
                            ],
                            [
                                9.990636,
                                50.674427
                            ],
                            [
                                9.997612,
                                50.676235
                            ],
                            [
                                10.004175,
                                50.676545
                            ],
                            [
                                10.008361,
                                50.676184
                            ],
                            [
                                10.025104,
                                50.672618
                            ],
                            [
                                10.042623,
                                50.671274
                            ],
                            [
                                10.052079,
                                50.669569
                            ],
                            [
                                10.056885,
                                50.66776
                            ],
                            [
                                10.060348,
                                50.665874
                            ],
                            [
                                10.062828,
                                50.662954
                            ],
                            [
                                10.07368,
                                50.645152
                            ],
                            [
                                10.076005,
                                50.622001
                            ],
                            [
                                10.0743,
                                50.619624
                            ],
                            [
                                10.07244,
                                50.617841
                            ],
                            [
                                10.069804,
                                50.619236
                            ],
                            [
                                10.064998,
                                50.619004
                            ],
                            [
                                10.058591,
                                50.616833
                            ],
                            [
                                10.048359,
                                50.609547
                            ],
                            [
                                10.045878,
                                50.60549
                            ],
                            [
                                10.045723,
                                50.602235
                            ],
                            [
                                10.047738,
                                50.600478
                            ],
                            [
                                10.048824,
                                50.597713
                            ],
                            [
                                10.049289,
                                50.594121
                            ],
                            [
                                10.047894,
                                50.576086
                            ],
                            [
                                10.048049,
                                50.572934
                            ],
                            [
                                10.048359,
                                50.570014
                            ],
                            [
                                10.049134,
                                50.567353
                            ],
                            [
                                10.050064,
                                50.565079
                            ],
                            [
                                10.056885,
                                50.554434
                            ],
                            [
                                10.055955,
                                50.549473
                            ],
                            [
                                10.047428,
                                50.532265
                            ],
                            [
                                10.045413,
                                50.526374
                            ],
                            [
                                10.044483,
                                50.521904
                            ],
                            [
                                10.044793,
                                50.519552
                            ],
                            [
                                10.047428,
                                50.516968
                            ],
                            [
                                10.055025,
                                50.516503
                            ],
                            [
                                10.109647,
                                50.555467
                            ],
                            [
                                10.126132,
                                50.562857
                            ],
                            [
                                10.127837,
                                50.561152
                            ],
                            [
                                10.128147,
                                50.55831
                            ],
                            [
                                10.127682,
                                50.555545
                            ],
                            [
                                10.127372,
                                50.552574
                            ],
                            [
                                10.128302,
                                50.550248
                            ],
                            [
                                10.130007,
                                50.548078
                            ],
                            [
                                10.133883,
                                50.546682
                            ],
                            [
                                10.139309,
                                50.545881
                            ],
                            [
                                10.18835,
                                50.549163
                            ],
                            [
                                10.197187,
                                50.548181
                            ],
                            [
                                10.202613,
                                50.546347
                            ],
                            [
                                10.205093,
                                50.543995
                            ],
                            [
                                10.208504,
                                50.541566
                            ],
                            [
                                10.21455,
                                50.538724
                            ],
                            [
                                10.218116,
                                50.536244
                            ],
                            [
                                10.220441,
                                50.533712
                            ],
                            [
                                10.221991,
                                50.528182
                            ],
                            [
                                10.226332,
                                50.520999
                            ],
                            [
                                10.228089,
                                50.515625
                            ],
                            [
                                10.2315,
                                50.512628
                            ],
                            [
                                10.238011,
                                50.510121
                            ],
                            [
                                10.318678,
                                50.492371
                            ],
                            [
                                10.327515,
                                50.489115
                            ],
                            [
                                10.332631,
                                50.485833
                            ],
                            [
                                10.333561,
                                50.483275
                            ],
                            [
                                10.336971,
                                50.477901
                            ],
                            [
                                10.337747,
                                50.475627
                            ],
                            [
                                10.337902,
                                50.472837
                            ],
                            [
                                10.337282,
                                50.466687
                            ],
                            [
                                10.337282,
                                50.463897
                            ],
                            [
                                10.338522,
                                50.461158
                            ],
                            [
                                10.341054,
                                50.458781
                            ],
                            [
                                10.355162,
                                50.451494
                            ],
                            [
                                10.360123,
                                50.447825
                            ],
                            [
                                10.364618,
                                50.443898
                            ],
                            [
                                10.368649,
                                50.439661
                            ],
                            [
                                10.372835,
                                50.436612
                            ],
                            [
                                10.399397,
                                50.422943
                            ],
                            [
                                10.401877,
                                50.419507
                            ],
                            [
                                10.400792,
                                50.417181
                            ],
                            [
                                10.398466,
                                50.415269
                            ],
                            [
                                10.393299,
                                50.411704
                            ],
                            [
                                10.392214,
                                50.408706
                            ],
                            [
                                10.392679,
                                50.405218
                            ],
                            [
                                10.397381,
                                50.39956
                            ],
                            [
                                10.401102,
                                50.397441
                            ],
                            [
                                10.405443,
                                50.395942
                            ],
                            [
                                10.424666,
                                50.394754
                            ],
                            [
                                10.433658,
                                50.395581
                            ],
                            [
                                10.44265,
                                50.398009
                            ],
                            [
                                10.449471,
                                50.399146
                            ],
                            [
                                10.451952,
                                50.397441
                            ],
                            [
                                10.453398,
                                50.394935
                            ],
                            [
                                10.454329,
                                50.392222
                            ],
                            [
                                10.457584,
                                50.387622
                            ],
                            [
                                10.460995,
                                50.384367
                            ],
                            [
                                10.466111,
                                50.380336
                            ],
                            [
                                10.492931,
                                50.365763
                            ],
                            [
                                10.495256,
                                50.362895
                            ],
                            [
                                10.496032,
                                50.359872
                            ],
                            [
                                10.495566,
                                50.356306
                            ],
                            [
                                10.497272,
                                50.354472
                            ],
                            [
                                10.499752,
                                50.353516
                            ],
                            [
                                10.512981,
                                50.352948
                            ],
                            [
                                10.521353,
                                50.351862
                            ],
                            [
                                10.526159,
                                50.352224
                            ],
                            [
                                10.529259,
                                50.353619
                            ],
                            [
                                10.535771,
                                50.35734
                            ],
                            [
                                10.552359,
                                50.358787
                            ],
                            [
                                10.565588,
                                50.339977
                            ],
                            [
                                10.57427,
                                50.333672
                            ],
                            [
                                10.588067,
                                50.32884
                            ],
                            [
                                10.591323,
                                50.325972
                            ],
                            [
                                10.592408,
                                50.322872
                            ],
                            [
                                10.592873,
                                50.317859
                            ],
                            [
                                10.594268,
                                50.311296
                            ],
                            [
                                10.599074,
                                50.298894
                            ],
                            [
                                10.60016,
                                50.292693
                            ],
                            [
                                10.600005,
                                50.287784
                            ],
                            [
                                10.598299,
                                50.28458
                            ],
                            [
                                10.597524,
                                50.279102
                            ],
                            [
                                10.595354,
                                50.275769
                            ],
                            [
                                10.593803,
                                50.271247
                            ],
                            [
                                10.594578,
                                50.267578
                            ],
                            [
                                10.597989,
                                50.261429
                            ],
                            [
                                10.607136,
                                50.25037
                            ],
                            [
                                10.607601,
                                50.246546
                            ],
                            [
                                10.606516,
                                50.243497
                            ],
                            [
                                10.60388,
                                50.2405
                            ],
                            [
                                10.60388,
                                50.237967
                            ],
                            [
                                10.60481,
                                50.235461
                            ],
                            [
                                10.609151,
                                50.230681
                            ],
                            [
                                10.617058,
                                50.224402
                            ],
                            [
                                10.662223,
                                50.224532
                            ],
                            [
                                10.686924,
                                50.220139
                            ],
                            [
                                10.699792,
                                50.21368
                            ],
                            [
                                10.713589,
                                50.208383
                            ],
                            [
                                10.720566,
                                50.207272
                            ],
                            [
                                10.725217,
                                50.208073
                            ],
                            [
                                10.726612,
                                50.210424
                            ],
                            [
                                10.726922,
                                50.213369
                            ],
                            [
                                10.726922,
                                50.221276
                            ],
                            [
                                10.731573,
                                50.242308
                            ],
                            [
                                10.738911,
                                50.247683
                            ],
                            [
                                10.742942,
                                50.247786
                            ],
                            [
                                10.746662,
                                50.247114
                            ],
                            [
                                10.749143,
                                50.246055
                            ],
                            [
                                10.753018,
                                50.243729
                            ],
                            [
                                10.758444,
                                50.243187
                            ],
                            [
                                10.766661,
                                50.243574
                            ],
                            [
                                10.798494,
                                50.248225
                            ],
                            [
                                10.802524,
                                50.24745
                            ],
                            [
                                10.816787,
                                50.24267
                            ],
                            [
                                10.829034,
                                50.240861
                            ],
                            [
                                10.835391,
                                50.241016
                            ],
                            [
                                10.840197,
                                50.24205
                            ],
                            [
                                10.843142,
                                50.244039
                            ],
                            [
                                10.845674,
                                50.246546
                            ],
                            [
                                10.847225,
                                50.250783
                            ],
                            [
                                10.84769,
                                50.254349
                            ],
                            [
                                10.84738,
                                50.257708
                            ],
                            [
                                10.846759,
                                50.260524
                            ],
                            [
                                10.844899,
                                50.265769
                            ],
                            [
                                10.843297,
                                50.268095
                            ],
                            [
                                10.841127,
                                50.27011
                            ],
                            [
                                10.837871,
                                50.27166
                            ],
                            [
                                10.820353,
                                50.274709
                            ],
                            [
                                10.816322,
                                50.275795
                            ],
                            [
                                10.812756,
                                50.277086
                            ],
                            [
                                10.810121,
                                50.278792
                            ],
                            [
                                10.80795,
                                50.280704
                            ],
                            [
                                10.806555,
                                50.283055
                            ],
                            [
                                10.80423,
                                50.288197
                            ],
                            [
                                10.802059,
                                50.290212
                            ],
                            [
                                10.798804,
                                50.291556
                            ],
                            [
                                10.794928,
                                50.292383
                            ],
                            [
                                10.777513,
                                50.291349
                            ],
                            [
                                10.773172,
                                50.291814
                            ],
                            [
                                10.769141,
                                50.292693
                            ],
                            [
                                10.765886,
                                50.29414
                            ],
                            [
                                10.76325,
                                50.295793
                            ],
                            [
                                10.751313,
                                50.30463
                            ],
                            [
                                10.749608,
                                50.305664
                            ],
                            [
                                10.737826,
                                50.310754
                            ],
                            [
                                10.726767,
                                50.314087
                            ],
                            [
                                10.722736,
                                50.315792
                            ],
                            [
                                10.719015,
                                50.317963
                            ],
                            [
                                10.714985,
                                50.321942
                            ],
                            [
                                10.714209,
                                50.328246
                            ],
                            [
                                10.71793,
                                50.351656
                            ],
                            [
                                10.721961,
                                50.357443
                            ],
                            [
                                10.726302,
                                50.360751
                            ],
                            [
                                10.730488,
                                50.361164
                            ],
                            [
                                10.73488,
                                50.361035
                            ],
                            [
                                10.748988,
                                50.357133
                            ],
                            [
                                10.751158,
                                50.356772
                            ],
                            [
                                10.754569,
                                50.356617
                            ],
                            [
                                10.757824,
                                50.357753
                            ],
                            [
                                10.760615,
                                50.360027
                            ],
                            [
                                10.763405,
                                50.363283
                            ],
                            [
                                10.765421,
                                50.366073
                            ],
                            [
                                10.779528,
                                50.381163
                            ],
                            [
                                10.784489,
                                50.384418
                            ],
                            [
                                10.788882,
                                50.386253
                            ],
                            [
                                10.792448,
                                50.385969
                            ],
                            [
                                10.794463,
                                50.385633
                            ],
                            [
                                10.80392,
                                50.382661
                            ],
                            [
                                10.8064,
                                50.382351
                            ],
                            [
                                10.809811,
                                50.382248
                            ],
                            [
                                10.817097,
                                50.383617
                            ],
                            [
                                10.820508,
                                50.384677
                            ],
                            [
                                10.83291,
                                50.390361
                            ],
                            [
                                10.836631,
                                50.391291
                            ],
                            [
                                10.840662,
                                50.391524
                            ],
                            [
                                10.859162,
                                50.389483
                            ],
                            [
                                10.866758,
                                50.391601
                            ],
                            [
                                10.871099,
                                50.393539
                            ],
                            [
                                10.874665,
                                50.394289
                            ],
                            [
                                10.8773,
                                50.394289
                            ],
                            [
                                10.879936,
                                50.393539
                            ],
                            [
                                10.882726,
                                50.392273
                            ],
                            [
                                10.885207,
                                50.390516
                            ],
                            [
                                10.887377,
                                50.388423
                            ],
                            [
                                10.889082,
                                50.386253
                            ],
                            [
                                10.891098,
                                50.38447
                            ],
                            [
                                10.893423,
                                50.38292
                            ],
                            [
                                10.895749,
                                50.382351
                            ],
                            [
                                10.898901,
                                50.382145
                            ],
                            [
                                10.902415,
                                50.382455
                            ],
                            [
                                10.927736,
                                50.387958
                            ],
                            [
                                10.935798,
                                50.388553
                            ],
                            [
                                10.943394,
                                50.387338
                            ],
                            [
                                10.977553,
                                50.355428
                            ],
                            [
                                10.981738,
                                50.352792
                            ],
                            [
                                10.987939,
                                50.349899
                            ],
                            [
                                10.99011,
                                50.351371
                            ],
                            [
                                10.99166,
                                50.353206
                            ],
                            [
                                10.992435,
                                50.355066
                            ],
                            [
                                10.993831,
                                50.362301
                            ],
                            [
                                10.995226,
                                50.363283
                            ],
                            [
                                10.997551,
                                50.363645
                            ],
                            [
                                11.024578,
                                50.361164
                            ],
                            [
                                11.031709,
                                50.358529
                            ],
                            [
                                11.03698,
                                50.355066
                            ],
                            [
                                11.041631,
                                50.349485
                            ],
                            [
                                11.045662,
                                50.347935
                            ],
                            [
                                11.049693,
                                50.347728
                            ],
                            [
                                11.064111,
                                50.351914
                            ],
                            [
                                11.068296,
                                50.352586
                            ],
                            [
                                11.081836,
                                50.353516
                            ],
                            [
                                11.085556,
                                50.354472
                            ],
                            [
                                11.088347,
                                50.356229
                            ],
                            [
                                11.090362,
                                50.358399
                            ],
                            [
                                11.093773,
                                50.360957
                            ],
                            [
                                11.098269,
                                50.363283
                            ],
                            [
                                11.108501,
                                50.365066
                            ],
                            [
                                11.112531,
                                50.365195
                            ],
                            [
                                11.115787,
                                50.3638
                            ],
                            [
                                11.118267,
                                50.35765
                            ],
                            [
                                11.121368,
                                50.353619
                            ],
                            [
                                11.124624,
                                50.352534
                            ],
                            [
                                11.131032,
                                50.352896
                            ],
                            [
                                11.134597,
                                50.352017
                            ],
                            [
                                11.137543,
                                50.350467
                            ],
                            [
                                11.145294,
                                50.341915
                            ],
                            [
                                11.14979,
                                50.337987
                            ],
                            [
                                11.153666,
                                50.333724
                            ],
                            [
                                11.155216,
                                50.331398
                            ],
                            [
                                11.156456,
                                50.32915
                            ],
                            [
                                11.156766,
                                50.326903
                            ],
                            [
                                11.156301,
                                50.325507
                            ],
                            [
                                11.154906,
                                50.323544
                            ],
                            [
                                11.135372,
                                50.309333
                            ],
                            [
                                11.143279,
                                50.301219
                            ],
                            [
                                11.19232,
                                50.271557
                            ],
                            [
                                11.202242,
                                50.283365
                            ],
                            [
                                11.207513,
                                50.285096
                            ],
                            [
                                11.216194,
                                50.279515
                            ],
                            [
                                11.221465,
                                50.277603
                            ],
                            [
                                11.244151,
                                50.273107
                            ],
                            [
                                11.250973,
                                50.273521
                            ],
                            [
                                11.255313,
                                50.274864
                            ],
                            [
                                11.256709,
                                50.277035
                            ],
                            [
                                11.257019,
                                50.278637
                            ],
                            [
                                11.256864,
                                50.280962
                            ],
                            [
                                11.255158,
                                50.288352
                            ],
                            [
                                11.256244,
                                50.290781
                            ],
                            [
                                11.258104,
                                50.294424
                            ],
                            [
                                11.264305,
                                50.300909
                            ],
                            [
                                11.265855,
                                50.305043
                            ],
                            [
                                11.26601,
                                50.308428
                            ],
                            [
                                11.264615,
                                50.31078
                            ],
                            [
                                11.259034,
                                50.317291
                            ],
                            [
                                11.259034,
                                50.320908
                            ],
                            [
                                11.260584,
                                50.325714
                            ],
                            [
                                11.269266,
                                50.33853
                            ],
                            [
                                11.270506,
                                50.341372
                            ],
                            [
                                11.270196,
                                50.34393
                            ],
                            [
                                11.269111,
                                50.346875
                            ],
                            [
                                11.268491,
                                50.351371
                            ],
                            [
                                11.268801,
                                50.353077
                            ],
                            [
                                11.271281,
                                50.354188
                            ],
                            [
                                11.278568,
                                50.355609
                            ],
                            [
                                11.279963,
                                50.356927
                            ],
                            [
                                11.280273,
                                50.358632
                            ],
                            [
                                11.278258,
                                50.363179
                            ],
                            [
                                11.277638,
                                50.36566
                            ],
                            [
                                11.277483,
                                50.367934
                            ],
                            [
                                11.277483,
                                50.370724
                            ],
                            [
                                11.277172,
                                50.373515
                            ],
                            [
                                11.275777,
                                50.375944
                            ],
                            [
                                11.274227,
                                50.378217
                            ],
                            [
                                11.267096,
                                50.383928
                            ],
                            [
                                11.26539,
                                50.386408
                            ],
                            [
                                11.264615,
                                50.389431
                            ],
                            [
                                11.26477,
                                50.393513
                            ],
                            [
                                11.26415,
                                50.396252
                            ],
                            [
                                11.260429,
                                50.400645
                            ],
                            [
                                11.259034,
                                50.403229
                            ],
                            [
                                11.259034,
                                50.406949
                            ],
                            [
                                11.262445,
                                50.424571
                            ],
                            [
                                11.2626,
                                50.427723
                            ],
                            [
                                11.262135,
                                50.430669
                            ],
                            [
                                11.260739,
                                50.436198
                            ],
                            [
                                11.259654,
                                50.438782
                            ],
                            [
                                11.257794,
                                50.441521
                            ],
                            [
                                11.256088,
                                50.444621
                            ],
                            [
                                11.254383,
                                50.449066
                            ],
                            [
                                11.256554,
                                50.452631
                            ],
                            [
                                11.256864,
                                50.454802
                            ],
                            [
                                11.256399,
                                50.456662
                            ],
                            [
                                11.253453,
                                50.461726
                            ],
                            [
                                11.248647,
                                50.47263
                            ],
                            [
                                11.276397,
                                50.481131
                            ],
                            [
                                11.295776,
                                50.483947
                            ],
                            [
                                11.316292,
                                50.492526
                            ],
                            [
                                11.319702,
                                50.495497
                            ],
                            [
                                11.320322,
                                50.496763
                            ],
                            [
                                11.320477,
                                50.498417
                            ],
                            [
                                11.320322,
                                50.499657
                            ],
                            [
                                11.320632,
                                50.501155
                            ],
                            [
                                11.321408,
                                50.503403
                            ],
                            [
                                11.324818,
                                50.507512
                            ],
                            [
                                11.330089,
                                50.510121
                            ],
                            [
                                11.337376,
                                50.511387
                            ],
                            [
                                11.346729,
                                50.518725
                            ],
                            [
                                11.410498,
                                50.516503
                            ],
                            [
                                11.427086,
                                50.513093
                            ],
                            [
                                11.436078,
                                50.502551
                            ],
                            [
                                11.437783,
                                50.50007
                            ],
                            [
                                11.438248,
                                50.499037
                            ],
                            [
                                11.438713,
                                50.497202
                            ],
                            [
                                11.438093,
                                50.494851
                            ],
                            [
                                11.435767,
                                50.492965
                            ],
                            [
                                11.426466,
                                50.48896
                            ],
                            [
                                11.420575,
                                50.485704
                            ],
                            [
                                11.418094,
                                50.45227
                            ],
                            [
                                11.419179,
                                50.448135
                            ],
                            [
                                11.421195,
                                50.443045
                            ],
                            [
                                11.430962,
                                50.440332
                            ],
                            [
                                11.440728,
                                50.43532
                            ],
                            [
                                11.44848,
                                50.429377
                            ],
                            [
                                11.453906,
                                50.427723
                            ],
                            [
                                11.458247,
                                50.427517
                            ],
                            [
                                11.461657,
                                50.42886
                            ],
                            [
                                11.465895,
                                50.429532
                            ],
                            [
                                11.470856,
                                50.429377
                            ],
                            [
                                11.477212,
                                50.427491
                            ],
                            [
                                11.480313,
                                50.425139
                            ],
                            [
                                11.482018,
                                50.422297
                            ],
                            [
                                11.484033,
                                50.413719
                            ],
                            [
                                11.484653,
                                50.399508
                            ],
                            [
                                11.487289,
                                50.396717
                            ],
                            [
                                11.49349,
                                50.393539
                            ],
                            [
                                11.502017,
                                50.390413
                            ],
                            [
                                11.517675,
                                50.381938
                            ],
                            [
                                11.525788,
                                50.379147
                            ],
                            [
                                11.531679,
                                50.378424
                            ],
                            [
                                11.539275,
                                50.380129
                            ],
                            [
                                11.552298,
                                50.381473
                            ],
                            [
                                11.556019,
                                50.382403
                            ],
                            [
                                11.559119,
                                50.383928
                            ],
                            [
                                11.56129,
                                50.386098
                            ],
                            [
                                11.56408,
                                50.391369
                            ],
                            [
                                11.566405,
                                50.39341
                            ],
                            [
                                11.569816,
                                50.394599
                            ],
                            [
                                11.578704,
                                50.395477
                            ],
                            [
                                11.591572,
                                50.394469
                            ],
                            [
                                11.621182,
                                50.386796
                            ],
                            [
                                11.739573,
                                50.402764
                            ],
                            [
                                11.756988,
                                50.406123
                            ],
                            [
                                11.758073,
                                50.407828
                            ],
                            [
                                11.759624,
                                50.409223
                            ],
                            [
                                11.761174,
                                50.411549
                            ],
                            [
                                11.76815,
                                50.412892
                            ],
                            [
                                11.784738,
                                50.414262
                            ],
                            [
                                11.792025,
                                50.414081
                            ],
                            [
                                11.796727,
                                50.413512
                            ],
                            [
                                11.798071,
                                50.412246
                            ],
                            [
                                11.798691,
                                50.411497
                            ],
                            [
                                11.800138,
                                50.409482
                            ],
                            [
                                11.800861,
                                50.4085
                            ],
                            [
                                11.804169,
                                50.406743
                            ],
                            [
                                11.80913,
                                50.404831
                            ],
                            [
                                11.819672,
                                50.402402
                            ],
                            [
                                11.823082,
                                50.400955
                            ],
                            [
                                11.824478,
                                50.399146
                            ],
                            [
                                11.822772,
                                50.397131
                            ],
                            [
                                11.822152,
                                50.394625
                            ],
                            [
                                11.823702,
                                50.391446
                            ],
                            [
                                11.828818,
                                50.391059
                            ],
                            [
                                11.832384,
                                50.392067
                            ],
                            [
                                11.836105,
                                50.393539
                            ],
                            [
                                11.838895,
                                50.395167
                            ],
                            [
                                11.849592,
                                50.398319
                            ],
                            [
                                11.867472,
                                50.401317
                            ],
                            [
                                11.872278,
                                50.402712
                            ],
                            [
                                11.88127,
                                50.407001
                            ],
                            [
                                11.9053,
                                50.415166
                            ],
                            [
                                11.931706,
                                50.416923
                            ],
                            [
                                11.940543,
                                50.414546
                            ],
                            [
                                11.943798,
                                50.410515
                            ],
                            [
                                11.945659,
                                50.408551
                            ],
                            [
                                11.947829,
                                50.406743
                            ],
                            [
                                11.949845,
                                50.405218
                            ],
                            [
                                11.960232,
                                50.394159
                            ],
                            [
                                11.981212,
                                50.385323
                            ],
                            [
                                11.984778,
                                50.380749
                            ],
                            [
                                11.983383,
                                50.378631
                            ],
                            [
                                11.982297,
                                50.375427
                            ],
                            [
                                11.981832,
                                50.371189
                            ],
                            [
                                11.986018,
                                50.351552
                            ],
                            [
                                11.989429,
                                50.349175
                            ],
                            [
                                11.998886,
                                50.346436
                            ],
                            [
                                12.039865,
                                50.32884
                            ],
                            [
                                12.043431,
                                50.327755
                            ],
                            [
                                12.047616,
                                50.327006
                            ],
                            [
                                12.051957,
                                50.326903
                            ],
                            [
                                12.06529,
                                50.32791
                            ],
                            [
                                12.093712,
                                50.322613
                            ],
                            [
                                12.100998,
                                50.314371
                            ],
                            [
                                12.101344,
                                50.31398
                            ],
                            [
                                12.112706,
                                50.313443
                            ],
                            [
                                12.149315,
                                50.311711
                            ],
                            [
                                12.168538,
                                50.302977
                            ],
                            [
                                12.17443,
                                50.293727
                            ],
                            [
                                12.17412,
                                50.276571
                            ],
                            [
                                12.178047,
                                50.268767
                            ],
                            [
                                12.189209,
                                50.262463
                            ],
                            [
                                12.203782,
                                50.259569
                            ],
                            [
                                12.232514,
                                50.259104
                            ],
                            [
                                12.239645,
                                50.256572
                            ],
                            [
                                12.242953,
                                50.252954
                            ],
                            [
                                12.242729,
                                50.250965
                            ],
                            [
                                12.242436,
                                50.248355
                            ],
                            [
                                12.240273,
                                50.245615
                            ],
                            [
                                12.237992,
                                50.242722
                            ],
                            [
                                12.236441,
                                50.242567
                            ],
                            [
                                12.235098,
                                50.242257
                            ],
                            [
                                12.233754,
                                50.241689
                            ],
                            [
                                12.232514,
                                50.240965
                            ],
                            [
                                12.229827,
                                50.239053
                            ],
                            [
                                12.228897,
                                50.237038
                            ],
                            [
                                12.22993,
                                50.234816
                            ],
                            [
                                12.232514,
                                50.232491
                            ],
                            [
                                12.249981,
                                50.221173
                            ],
                            [
                                12.254321,
                                50.217401
                            ],
                            [
                                12.258455,
                                50.21089
                            ],
                            [
                                12.260212,
                                50.20505
                            ],
                            [
                                12.261246,
                                50.199883
                            ],
                            [
                                12.273235,
                                50.172339
                            ],
                            [
                                12.283363,
                                50.162211
                            ],
                            [
                                12.300417,
                                50.160815
                            ],
                            [
                                12.314369,
                                50.167327
                            ],
                            [
                                12.314369,
                                50.172835
                            ],
                            [
                                12.314369,
                                50.176215
                            ],
                            [
                                12.308582,
                                50.186912
                            ],
                            [
                                12.305584,
                                50.199314
                            ],
                            [
                                12.308685,
                                50.217091
                            ],
                            [
                                12.314059,
                                50.226496
                            ],
                            [
                                12.331833,
                                50.241106
                            ],
                            [
                                12.333409,
                                50.242402
                            ],
                            [
                                12.3338,
                                50.242722
                            ],
                            [
                                12.336487,
                                50.258587
                            ],
                            [
                                12.344652,
                                50.26639
                            ],
                            [
                                12.355814,
                                50.271403
                            ],
                            [
                                12.360189,
                                50.274346
                            ],
                            [
                                12.367183,
                                50.279051
                            ],
                            [
                                12.37302,
                                50.285851
                            ],
                            [
                                12.398189,
                                50.315173
                            ],
                            [
                                12.400654,
                                50.316737
                            ],
                            [
                                12.408937,
                                50.321994
                            ],
                            [
                                12.415545,
                                50.324367
                            ],
                            [
                                12.436094,
                                50.331748
                            ],
                            [
                                12.438289,
                                50.332536
                            ],
                            [
                                12.450175,
                                50.339357
                            ],
                            [
                                12.453792,
                                50.340701
                            ],
                            [
                                12.462784,
                                50.340494
                            ],
                            [
                                12.466815,
                                50.34189
                            ],
                            [
                                12.468985,
                                50.345559
                            ],
                            [
                                12.468365,
                                50.349486
                            ],
                            [
                                12.467022,
                                50.352845
                            ],
                            [
                                12.466922,
                                50.353844
                            ],
                            [
                                12.466815,
                                50.354912
                            ],
                            [
                                12.469502,
                                50.359408
                            ],
                            [
                                12.471569,
                                50.364472
                            ],
                            [
                                12.475083,
                                50.369433
                            ],
                            [
                                12.482524,
                                50.373567
                            ],
                            [
                                12.499611,
                                50.382939
                            ],
                            [
                                12.510223,
                                50.38876
                            ],
                            [
                                12.550531,
                                50.396356
                            ],
                            [
                                12.625358,
                                50.399922
                            ],
                            [
                                12.678792,
                                50.393721
                            ],
                            [
                                12.691814,
                                50.394651
                            ],
                            [
                                12.700356,
                                50.399911
                            ],
                            [
                                12.702976,
                                50.401524
                            ],
                            [
                                12.706998,
                                50.405509
                            ],
                            [
                                12.715453,
                                50.413884
                            ],
                            [
                                12.725094,
                                50.423435
                            ],
                            [
                                12.732149,
                                50.427901
                            ],
                            [
                                12.737909,
                                50.431548
                            ],
                            [
                                12.754239,
                                50.435321
                            ],
                            [
                                12.770259,
                                50.435941
                            ],
                            [
                                12.788139,
                                50.434339
                            ],
                            [
                                12.79434,
                                50.435889
                            ],
                            [
                                12.8028,
                                50.439466
                            ],
                            [
                                12.807604,
                                50.441497
                            ],
                            [
                                12.808396,
                                50.441832
                            ],
                            [
                                12.817388,
                                50.44302
                            ],
                            [
                                12.825759,
                                50.441418
                            ],
                            [
                                12.918363,
                                50.4054
                            ],
                            [
                                12.942571,
                                50.404522
                            ],
                            [
                                12.947975,
                                50.404326
                            ],
                            [
                                12.952573,
                                50.40416
                            ],
                            [
                                12.960631,
                                50.409234
                            ],
                            [
                                12.972686,
                                50.416826
                            ],
                            [
                                12.973237,
                                50.416904
                            ],
                            [
                                12.974183,
                                50.417027
                            ],
                            [
                                12.975402,
                                50.417229
                            ],
                            [
                                12.976312,
                                50.417526
                            ],
                            [
                                12.976529,
                                50.417618
                            ],
                            [
                                12.977273,
                                50.417934
                            ],
                            [
                                12.97801,
                                50.418346
                            ],
                            [
                                12.978917,
                                50.418583
                            ],
                            [
                                12.97973,
                                50.418709
                            ],
                            [
                                12.980551,
                                50.419006
                            ],
                            [
                                12.980577,
                                50.419037
                            ],
                            [
                                12.98098,
                                50.41951
                            ],
                            [
                                12.981488,
                                50.419815
                            ],
                            [
                                12.981844,
                                50.419777
                            ],
                            [
                                12.982097,
                                50.419487
                            ],
                            [
                                12.982719,
                                50.419415
                            ],
                            [
                                12.983451,
                                50.419716
                            ],
                            [
                                12.983741,
                                50.420109
                            ],
                            [
                                12.984289,
                                50.420326
                            ],
                            [
                                12.984976,
                                50.420624
                            ],
                            [
                                12.985846,
                                50.421005
                            ],
                            [
                                12.986505,
                                50.421623
                            ],
                            [
                                12.987155,
                                50.422066
                            ],
                            [
                                12.98763,
                                50.422596
                            ],
                            [
                                12.988158,
                                50.423271
                            ],
                            [
                                12.98869,
                                50.424034
                            ],
                            [
                                12.9889,
                                50.424599
                            ],
                            [
                                12.989244,
                                50.425194
                            ],
                            [
                                12.989543,
                                50.425758
                            ],
                            [
                                12.989717,
                                50.426498
                            ],
                            [
                                12.990016,
                                50.42709
                            ],
                            [
                                12.990398,
                                50.42754
                            ],
                            [
                                12.990823,
                                50.427959
                            ],
                            [
                                12.990936,
                                50.428413
                            ],
                            [
                                12.991181,
                                50.42881
                            ],
                            [
                                12.991828,
                                50.429195
                            ],
                            [
                                12.99229,
                                50.42947
                            ],
                            [
                                12.992675,
                                50.429867
                            ],
                            [
                                12.993354,
                                50.430447
                            ],
                            [
                                12.993926,
                                50.431129
                            ],
                            [
                                12.99461,
                                50.432068
                            ],
                            [
                                12.994776,
                                50.432288
                            ],
                            [
                                12.996602,
                                50.433667
                            ],
                            [
                                12.996786,
                                50.434184
                            ],
                            [
                                13.003113,
                                50.451909
                            ],
                            [
                                13.009624,
                                50.492681
                            ],
                            [
                                13.017892,
                                50.49635
                            ],
                            [
                                13.026264,
                                50.497642
                            ],
                            [
                                13.029332,
                                50.49722
                            ],
                            [
                                13.034532,
                                50.496505
                            ],
                            [
                                13.042284,
                                50.492785
                            ],
                            [
                                13.051069,
                                50.491131
                            ],
                            [
                                13.06037,
                                50.490614
                            ],
                            [
                                13.069775,
                                50.491079
                            ],
                            [
                                13.07887,
                                50.492681
                            ],
                            [
                                13.078974,
                                50.492681
                            ],
                            [
                                13.079181,
                                50.492785
                            ],
                            [
                                13.107396,
                                50.498986
                            ],
                            [
                                13.160106,
                                50.497022
                            ],
                            [
                                13.175141,
                                50.504192
                            ],
                            [
                                13.184704,
                                50.508753
                            ],
                            [
                                13.19907,
                                50.525341
                            ],
                            [
                                13.232349,
                                50.58203
                            ],
                            [
                                13.237851,
                                50.581708
                            ],
                            [
                                13.25178,
                                50.580893
                            ],
                            [
                                13.268006,
                                50.573658
                            ],
                            [
                                13.284646,
                                50.568956
                            ],
                            [
                                13.305627,
                                50.575777
                            ],
                            [
                                13.30741,
                                50.57917
                            ],
                            [
                                13.316272,
                                50.596034
                            ],
                            [
                                13.320584,
                                50.600945
                            ],
                            [
                                13.321853,
                                50.60239
                            ],
                            [
                                13.33314,
                                50.60749
                            ],
                            [
                                13.335455,
                                50.608536
                            ],
                            [
                                13.348054,
                                50.614228
                            ],
                            [
                                13.35937,
                                50.61934
                            ],
                            [
                                13.365365,
                                50.623474
                            ],
                            [
                                13.365985,
                                50.627092
                            ],
                            [
                                13.368775,
                                50.628332
                            ],
                            [
                                13.375706,
                                50.626717
                            ],
                            [
                                13.380971,
                                50.62549
                            ],
                            [
                                13.386345,
                                50.621614
                            ],
                            [
                                13.400401,
                                50.606576
                            ],
                            [
                                13.407016,
                                50.601305
                            ],
                            [
                                13.42934,
                                50.594329
                            ],
                            [
                                13.447944,
                                50.597274
                            ],
                            [
                                13.459918,
                                50.604211
                            ],
                            [
                                13.464893,
                                50.607093
                            ],
                            [
                                13.482257,
                                50.620891
                            ],
                            [
                                13.492179,
                                50.624456
                            ],
                            [
                                13.495997,
                                50.627451
                            ],
                            [
                                13.498173,
                                50.629159
                            ],
                            [
                                13.498617,
                                50.632046
                            ],
                            [
                                13.499103,
                                50.635205
                            ],
                            [
                                13.493315,
                                50.643215
                            ],
                            [
                                13.509955,
                                50.651225
                            ],
                            [
                                13.512803,
                                50.653565
                            ],
                            [
                                13.523288,
                                50.66218
                            ],
                            [
                                13.5234,
                                50.662564
                            ],
                            [
                                13.527215,
                                50.675668
                            ],
                            [
                                13.51564,
                                50.691016
                            ],
                            [
                                13.531011,
                                50.696915
                            ],
                            [
                                13.556567,
                                50.706725
                            ],
                            [
                                13.596076,
                                50.71145
                            ],
                            [
                                13.601939,
                                50.712151
                            ],
                            [
                                13.607118,
                                50.712133
                            ],
                            [
                                13.691753,
                                50.711841
                            ],
                            [
                                13.711028,
                                50.71427
                            ],
                            [
                                13.749062,
                                50.72321
                            ],
                            [
                                13.770663,
                                50.724605
                            ],
                            [
                                13.816552,
                                50.72135
                            ],
                            [
                                13.834535,
                                50.723675
                            ],
                            [
                                13.839317,
                                50.725571
                            ],
                            [
                                13.860595,
                                50.734006
                            ],
                            [
                                13.863474,
                                50.735147
                            ],
                            [
                                13.869572,
                                50.735251
                            ],
                            [
                                13.875359,
                                50.736542
                            ],
                            [
                                13.877412,
                                50.738409
                            ],
                            [
                                13.882181,
                                50.742744
                            ],
                            [
                                13.882697,
                                50.748015
                            ],
                            [
                                13.88032,
                                50.755043
                            ],
                            [
                                13.87908,
                                50.763518
                            ],
                            [
                                13.883318,
                                50.773233
                            ],
                            [
                                13.892516,
                                50.780416
                            ],
                            [
                                13.89526,
                                50.780483
                            ],
                            [
                                13.900991,
                                50.780622
                            ],
                            [
                                13.910706,
                                50.778762
                            ],
                            [
                                13.923315,
                                50.779951
                            ],
                            [
                                13.933547,
                                50.784808
                            ],
                            [
                                13.942073,
                                50.791721
                            ],
                            [
                                13.948843,
                                50.797211
                            ],
                            [
                                13.949381,
                                50.797454
                            ],
                            [
                                13.959592,
                                50.802068
                            ],
                            [
                                13.979126,
                                50.804755
                            ],
                            [
                                14.015713,
                                50.801758
                            ],
                            [
                                14.034936,
                                50.802585
                            ],
                            [
                                14.060863,
                                50.810124
                            ],
                            [
                                14.077863,
                                50.815067
                            ],
                            [
                                14.190792,
                                50.847905
                            ],
                            [
                                14.197027,
                                50.851604
                            ],
                            [
                                14.202988,
                                50.85514
                            ],
                            [
                                14.221281,
                                50.872607
                            ],
                            [
                                14.232133,
                                50.879376
                            ],
                            [
                                14.236679,
                                50.879977
                            ],
                            [
                                14.2681,
                                50.88413
                            ],
                            [
                                14.346545,
                                50.880203
                            ],
                            [
                                14.375897,
                                50.895964
                            ],
                            [
                                14.376327,
                                50.897748
                            ],
                            [
                                14.381892,
                                50.920872
                            ],
                            [
                                14.355227,
                                50.930639
                            ],
                            [
                                14.31833,
                                50.937512
                            ],
                            [
                                14.292802,
                                50.95348
                            ],
                            [
                                14.293732,
                                50.96397
                            ],
                            [
                                14.302207,
                                50.967691
                            ],
                            [
                                14.303757,
                                50.969707
                            ],
                            [
                                14.28381,
                                50.974823
                            ],
                            [
                                14.250013,
                                50.977613
                            ],
                            [
                                14.238335,
                                50.982471
                            ],
                            [
                                14.249497,
                                50.992651
                            ],
                            [
                                14.263553,
                                51.021435
                            ],
                            [
                                14.282532,
                                51.033624
                            ],
                            [
                                14.287531,
                                51.036834
                            ],
                            [
                                14.319363,
                                51.040012
                            ],
                            [
                                14.35657,
                                51.032338
                            ],
                            [
                                14.364115,
                                51.027998
                            ],
                            [
                                14.369386,
                                51.022442
                            ],
                            [
                                14.375897,
                                51.01699
                            ],
                            [
                                14.386749,
                                51.01327
                            ],
                            [
                                14.397808,
                                51.013115
                            ],
                            [
                                14.419135,
                                51.019076
                            ],
                            [
                                14.422792,
                                51.020098
                            ],
                            [
                                14.425817,
                                51.020944
                            ],
                            [
                                14.462094,
                                51.019652
                            ],
                            [
                                14.473462,
                                51.023373
                            ],
                            [
                                14.474768,
                                51.025452
                            ],
                            [
                                14.482326,
                                51.024525
                            ],
                            [
                                14.485529,
                                51.02356
                            ],
                            [
                                14.489804,
                                51.023528
                            ],
                            [
                                14.490102,
                                51.022701
                            ],
                            [
                                14.493513,
                                51.016706
                            ],
                            [
                                14.502918,
                                51.008515
                            ],
                            [
                                14.51532,
                                51.003038
                            ],
                            [
                                14.542295,
                                50.998749
                            ],
                            [
                                14.554594,
                                50.992651
                            ],
                            [
                                14.566687,
                                50.983401
                            ],
                            [
                                14.574335,
                                50.975494
                            ],
                            [
                                14.577435,
                                50.965727
                            ],
                            [
                                14.575575,
                                50.95069
                            ],
                            [
                                14.567824,
                                50.938649
                            ],
                            [
                                14.555835,
                                50.924283
                            ],
                            [
                                14.550357,
                                50.912087
                            ],
                            [
                                14.561829,
                                50.906351
                            ],
                            [
                                14.617123,
                                50.920872
                            ],
                            [
                                14.629215,
                                50.920717
                            ],
                            [
                                14.634589,
                                50.9094
                            ],
                            [
                                14.628802,
                                50.896119
                            ],
                            [
                                14.611852,
                                50.870953
                            ],
                            [
                                14.608338,
                                50.853073
                            ],
                            [
                                14.613195,
                                50.84558
                            ],
                            [
                                14.627339,
                                50.843054
                            ],
                            [
                                14.647922,
                                50.839379
                            ],
                            [
                                14.662185,
                                50.834366
                            ],
                            [
                                14.700425,
                                50.815969
                            ],
                            [
                                14.737529,
                                50.810698
                            ],
                            [
                                14.759233,
                                50.810181
                            ],
                            [
                                14.775356,
                                50.812972
                            ],
                            [
                                14.785071,
                                50.820052
                            ],
                            [
                                14.788089,
                                50.823726
                            ],
                            [
                                14.79458,
                                50.831627
                            ],
                            [
                                14.810393,
                                50.858447
                            ],
                            [
                                14.810496,
                                50.877051
                            ],
                            [
                                14.824655,
                                50.89183
                            ],
                            [
                                14.860209,
                                50.916842
                            ],
                            [
                                14.910645,
                                50.992651
                            ],
                            [
                                14.955293,
                                51.064042
                            ],
                            [
                                14.958291,
                                51.075514
                            ],
                            [
                                14.958497,
                                51.094738
                            ],
                            [
                                14.960254,
                                51.104582
                            ],
                            [
                                14.965629,
                                51.111507
                            ],
                            [
                                14.97338,
                                51.116132
                            ],
                            [
                                14.979995,
                                51.122798
                            ],
                            [
                                14.982062,
                                51.13564
                            ],
                            [
                                14.983199,
                                51.160909
                            ],
                            [
                                14.991364,
                                51.18897
                            ],
                            [
                                15.004903,
                                51.215609
                            ],
                            [
                                15.022059,
                                51.23677
                            ],
                            [
                                15.017925,
                                51.239561
                            ],
                            [
                                15.014308,
                                51.242661
                            ],
                            [
                                15.019476,
                                51.271678
                            ],
                            [
                                15.004903,
                                51.291289
                            ],
                            [
                                14.982269,
                                51.308006
                            ],
                            [
                                14.963768,
                                51.328393
                            ],
                            [
                                14.960978,
                                51.335292
                            ],
                            [
                                14.956637,
                                51.353223
                            ],
                            [
                                14.956637,
                                51.354153
                            ],
                            [
                                14.950648,
                                51.396539
                            ],
                            [
                                14.946922,
                                51.422909
                            ],
                            [
                                14.955397,
                                51.435415
                            ],
                            [
                                14.945061,
                                51.449186
                            ],
                            [
                                14.926561,
                                51.46133
                            ],
                            [
                                14.910955,
                                51.468978
                            ],
                            [
                                14.888321,
                                51.475748
                            ],
                            [
                                14.841399,
                                51.48443
                            ],
                            [
                                14.818558,
                                51.492594
                            ],
                            [
                                14.818558,
                                51.492698
                            ],
                            [
                                14.797474,
                                51.502103
                            ],
                            [
                                14.732155,
                                51.515823
                            ],
                            [
                                14.710037,
                                51.530241
                            ],
                            [
                                14.70677,
                                51.540828
                            ],
                            [
                                14.704559,
                                51.547992
                            ],
                            [
                                14.712724,
                                51.567422
                            ],
                            [
                                14.732155,
                                51.58662
                            ],
                            [
                                14.743937,
                                51.606644
                            ],
                            [
                                14.742283,
                                51.632974
                            ],
                            [
                                14.732465,
                                51.658347
                            ],
                            [
                                14.719546,
                                51.675632
                            ],
                            [
                                14.67097,
                                51.700773
                            ],
                            [
                                14.648439,
                                51.717206
                            ],
                            [
                                14.638103,
                                51.742631
                            ],
                            [
                                14.634176,
                                51.769012
                            ],
                            [
                                14.620327,
                                51.780536
                            ],
                            [
                                14.60224,
                                51.788313
                            ],
                            [
                                14.585807,
                                51.803893
                            ],
                            [
                                14.58281,
                                51.825081
                            ],
                            [
                                14.595936,
                                51.842418
                            ],
                            [
                                14.653296,
                                51.878617
                            ],
                            [
                                14.671693,
                                51.893888
                            ],
                            [
                                14.687093,
                                51.911897
                            ],
                            [
                                14.695568,
                                51.931457
                            ],
                            [
                                14.699082,
                                51.992512
                            ],
                            [
                                14.704456,
                                52.002227
                            ],
                            [
                                14.726057,
                                52.026438
                            ],
                            [
                                14.730294,
                                52.035895
                            ],
                            [
                                14.732155,
                                52.045067
                            ],
                            [
                                14.735359,
                                52.054033
                            ],
                            [
                                14.743007,
                                52.062534
                            ],
                            [
                                14.761403,
                                52.076667
                            ],
                            [
                                14.696394,
                                52.106691
                            ],
                            [
                                14.686369,
                                52.121032
                            ],
                            [
                                14.692467,
                                52.146973
                            ],
                            [
                                14.703216,
                                52.165163
                            ],
                            [
                                14.70704,
                                52.179452
                            ],
                            [
                                14.69257,
                                52.193379
                            ],
                            [
                                14.69257,
                                52.19958
                            ],
                            [
                                14.712104,
                                52.215445
                            ],
                            [
                                14.712414,
                                52.235908
                            ],
                            [
                                14.696911,
                                52.253478
                            ],
                            [
                                14.668903,
                                52.260997
                            ],
                            [
                                14.640481,
                                52.265054
                            ],
                            [
                                14.606581,
                                52.275751
                            ],
                            [
                                14.584153,
                                52.291228
                            ],
                            [
                                14.590148,
                                52.309418
                            ],
                            [
                                14.569167,
                                52.338512
                            ],
                            [
                                14.545396,
                                52.382153
                            ],
                            [
                                14.539815,
                                52.421866
                            ],
                            [
                                14.591595,
                                52.449797
                            ],
                            [
                                14.615779,
                                52.473284
                            ],
                            [
                                14.632316,
                                52.496745
                            ],
                            [
                                14.627665,
                                52.507416
                            ],
                            [
                                14.609061,
                                52.517803
                            ],
                            [
                                14.616813,
                                52.541032
                            ],
                            [
                                14.644821,
                                52.576921
                            ],
                            [
                                14.613712,
                                52.592527
                            ],
                            [
                                14.607965,
                                52.596463
                            ],
                            [
                                14.549943,
                                52.636194
                            ],
                            [
                                14.490102,
                                52.650637
                            ],
                            [
                                14.46137,
                                52.674564
                            ],
                            [
                                14.442353,
                                52.679964
                            ],
                            [
                                14.431915,
                                52.686088
                            ],
                            [
                                14.397705,
                                52.727118
                            ],
                            [
                                14.382202,
                                52.738152
                            ],
                            [
                                14.275955,
                                52.78572
                            ],
                            [
                                14.24867,
                                52.794582
                            ],
                            [
                                14.21601,
                                52.817991
                            ],
                            [
                                14.19596,
                                52.823366
                            ],
                            [
                                14.173739,
                                52.824348
                            ],
                            [
                                14.152758,
                                52.828327
                            ],
                            [
                                14.135395,
                                52.836595
                            ],
                            [
                                14.123923,
                                52.850651
                            ],
                            [
                                14.150485,
                                52.864629
                            ],
                            [
                                14.16082,
                                52.876748
                            ],
                            [
                                14.164954,
                                52.895661
                            ],
                            [
                                14.16268,
                                52.908167
                            ],
                            [
                                14.150485,
                                52.943643
                            ],
                            [
                                14.14449,
                                52.953694
                            ],
                            [
                                14.14449,
                                52.959921
                            ],
                            [
                                14.192859,
                                52.981651
                            ],
                            [
                                14.253734,
                                53.000874
                            ],
                            [
                                14.312645,
                                53.029219
                            ],
                            [
                                14.343341,
                                53.048624
                            ],
                            [
                                14.356777,
                                53.066685
                            ],
                            [
                                14.359568,
                                53.075056
                            ],
                            [
                                14.38954,
                                53.131667
                            ],
                            [
                                14.387473,
                                53.146137
                            ],
                            [
                                14.381478,
                                53.160296
                            ],
                            [
                                14.377861,
                                53.176549
                            ],
                            [
                                14.380651,
                                53.189855
                            ],
                            [
                                14.387783,
                                53.202077
                            ],
                            [
                                14.397705,
                                53.210991
                            ],
                            [
                                14.408247,
                                53.214401
                            ],
                            [
                                14.415585,
                                53.22099
                            ],
                            [
                                14.44163,
                                53.251841
                            ],
                            [
                                14.428607,
                                53.259076
                            ],
                            [
                                14.42468,
                                53.264657
                            ],
                            [
                                14.409384,
                                53.272434
                            ],
                            [
                                14.403286,
                                53.278791
                            ],
                            [
                                14.400185,
                                53.288609
                            ],
                            [
                                14.399565,
                                53.306747
                            ],
                            [
                                14.398015,
                                53.315222
                            ],
                            [
                                14.391261,
                                53.334017
                            ],
                            [
                                14.370316,
                                53.392298
                            ],
                            [
                                14.359878,
                                53.444078
                            ],
                            [
                                14.338897,
                                53.465213
                            ],
                            [
                                14.328458,
                                53.48609
                            ],
                            [
                                14.30417,
                                53.508518
                            ],
                            [
                                14.296936,
                                53.529137
                            ],
                            [
                                14.296212,
                                53.551306
                            ],
                            [
                                14.298899,
                                53.587893
                            ],
                            [
                                14.297039,
                                53.597763
                            ],
                            [
                                14.276058,
                                53.636624
                            ],
                            [
                                14.260969,
                                53.656209
                            ],
                            [
                                14.265103,
                                53.671764
                            ],
                            [
                                14.263863,
                                53.699876
                            ],
                            [
                                14.263901,
                                53.699976
                            ],
                            [
                                14.256196,
                                53.699449
                            ],
                            [
                                14.240001,
                                53.700751
                            ],
                            [
                                14.225352,
                                53.703762
                            ],
                            [
                                14.212738,
                                53.708075
                            ],
                            [
                                14.259532,
                                53.727973
                            ],
                            [
                                14.267426,
                                53.735419
                            ],
                            [
                                14.264496,
                                53.751614
                            ],
                            [
                                14.250173,
                                53.759955
                            ],
                            [
                                14.234141,
                                53.761786
                            ],
                            [
                                14.226573,
                                53.758694
                            ],
                            [
                                14.214692,
                                53.744859
                            ],
                            [
                                14.186534,
                                53.739814
                            ],
                            [
                                14.10613,
                                53.743353
                            ],
                            [
                                14.094005,
                                53.746324
                            ],
                            [
                                14.068858,
                                53.755276
                            ],
                            [
                                14.061534,
                                53.756415
                            ],
                            [
                                14.037445,
                                53.755276
                            ],
                            [
                                14.033539,
                                53.757514
                            ],
                            [
                                14.017345,
                                53.769517
                            ],
                            [
                                13.984223,
                                53.773993
                            ],
                            [
                                13.910655,
                                53.810492
                            ],
                            [
                                13.899913,
                                53.809149
                            ],
                            [
                                13.8838,
                                53.817694
                            ],
                            [
                                13.869151,
                                53.830308
                            ],
                            [
                                13.862804,
                                53.841254
                            ],
                            [
                                13.85434,
                                53.844916
                            ],
                            [
                                13.835785,
                                53.847479
                            ],
                            [
                                13.817068,
                                53.852932
                            ],
                            [
                                13.808116,
                                53.865139
                            ],
                            [
                                13.818533,
                                53.877997
                            ],
                            [
                                13.890147,
                                53.912909
                            ],
                            [
                                13.901378,
                                53.922309
                            ],
                            [
                                13.907563,
                                53.933539
                            ],
                            [
                                13.906016,
                                53.943061
                            ],
                            [
                                13.893565,
                                53.947089
                            ],
                            [
                                13.88795,
                                53.947577
                            ],
                            [
                                13.881602,
                                53.949042
                            ],
                            [
                                13.875499,
                                53.951239
                            ],
                            [
                                13.870128,
                                53.953843
                            ],
                            [
                                13.866873,
                                53.954657
                            ],
                            [
                                13.85255,
                                53.953843
                            ],
                            [
                                13.848643,
                                53.955553
                            ],
                            [
                                13.848969,
                                53.959459
                            ],
                            [
                                13.850271,
                                53.964016
                            ],
                            [
                                13.849132,
                                53.967597
                            ],
                            [
                                13.846202,
                                53.972235
                            ],
                            [
                                13.84311,
                                53.97956
                            ],
                            [
                                13.838634,
                                53.986314
                            ],
                            [
                                13.831798,
                                53.989244
                            ],
                            [
                                13.803477,
                                53.996324
                            ],
                            [
                                13.797618,
                                53.998928
                            ],
                            [
                                13.78712,
                                54.009101
                            ],
                            [
                                13.758149,
                                54.030992
                            ],
                            [
                                13.746104,
                                54.036444
                            ],
                            [
                                13.773204,
                                54.046332
                            ],
                            [
                                13.785492,
                                54.06391
                            ],
                            [
                                13.793712,
                                54.083197
                            ],
                            [
                                13.808116,
                                54.097887
                            ],
                            [
                                13.808116,
                                54.104682
                            ],
                            [
                                13.72877,
                                54.143866
                            ],
                            [
                                13.698253,
                                54.153144
                            ],
                            [
                                13.698253,
                                54.159328
                            ],
                            [
                                13.708263,
                                54.160875
                            ],
                            [
                                13.714692,
                                54.164048
                            ],
                            [
                                13.716482,
                                54.168443
                            ],
                            [
                                13.711925,
                                54.173651
                            ],
                            [
                                13.683442,
                                54.168036
                            ],
                            [
                                13.632335,
                                54.147528
                            ],
                            [
                                13.602712,
                                54.139472
                            ],
                            [
                                13.479259,
                                54.125189
                            ],
                            [
                                13.479259,
                                54.118354
                            ],
                            [
                                13.487478,
                                54.113918
                            ],
                            [
                                13.498871,
                                54.102484
                            ],
                            [
                                13.507091,
                                54.097887
                            ],
                            [
                                13.507091,
                                54.09105
                            ],
                            [
                                13.483572,
                                54.091295
                            ],
                            [
                                13.465098,
                                54.098456
                            ],
                            [
                                13.450369,
                                54.110419
                            ],
                            [
                                13.437673,
                                54.125189
                            ],
                            [
                                13.423188,
                                54.148098
                            ],
                            [
                                13.417735,
                                54.153144
                            ],
                            [
                                13.408702,
                                54.154608
                            ],
                            [
                                13.40211,
                                54.151313
                            ],
                            [
                                13.394786,
                                54.148912
                            ],
                            [
                                13.382986,
                                54.153144
                            ],
                            [
                                13.39088,
                                54.157294
                            ],
                            [
                                13.395681,
                                54.161933
                            ],
                            [
                                13.403494,
                                54.173651
                            ],
                            [
                                13.3838,
                                54.178127
                            ],
                            [
                                13.346528,
                                54.166938
                            ],
                            [
                                13.321544,
                                54.166815
                            ],
                            [
                                13.333344,
                                54.174018
                            ],
                            [
                                13.348888,
                                54.180487
                            ],
                            [
                                13.321788,
                                54.194526
                            ],
                            [
                                13.288829,
                                54.23428
                            ],
                            [
                                13.263194,
                                54.242499
                            ],
                            [
                                13.228363,
                                54.247382
                            ],
                            [
                                13.176117,
                                54.264838
                            ],
                            [
                                13.143403,
                                54.263007
                            ],
                            [
                                13.154633,
                                54.26732
                            ],
                            [
                                13.161306,
                                54.269029
                            ],
                            [
                                13.170665,
                                54.269192
                            ],
                            [
                                13.170665,
                                54.276598
                            ],
                            [
                                13.125987,
                                54.276598
                            ],
                            [
                                13.114919,
                                54.280015
                            ],
                            [
                                13.112071,
                                54.288479
                            ],
                            [
                                13.112071,
                                54.299302
                            ],
                            [
                                13.109223,
                                54.310208
                            ],
                            [
                                13.08074,
                                54.337144
                            ],
                            [
                                13.076671,
                                54.352525
                            ],
                            [
                                13.095551,
                                54.37226
                            ],
                            [
                                13.083669,
                                54.378974
                            ],
                            [
                                13.040375,
                                54.392076
                            ],
                            [
                                13.028575,
                                54.401842
                            ],
                            [
                                13.021007,
                                54.414537
                            ],
                            [
                                13.021495,
                                54.426459
                            ],
                            [
                                13.03419,
                                54.433661
                            ],
                            [
                                13.0088,
                                54.438056
                            ],
                            [
                                12.969086,
                                54.429389
                            ],
                            [
                                12.929373,
                                54.414374
                            ],
                            [
                                12.903819,
                                54.399604
                            ],
                            [
                                12.894867,
                                54.389716
                            ],
                            [
                                12.884532,
                                54.373481
                            ],
                            [
                                12.875987,
                                54.365424
                            ],
                            [
                                12.864757,
                                54.359564
                            ],
                            [
                                12.854666,
                                54.357855
                            ],
                            [
                                12.83546,
                                54.358588
                            ],
                            [
                                12.825369,
                                54.357245
                            ],
                            [
                                12.821788,
                                54.356147
                            ],
                            [
                                12.818044,
                                54.357978
                            ],
                            [
                                12.800955,
                                54.370754
                            ],
                            [
                                12.794688,
                                54.377143
                            ],
                            [
                                12.789887,
                                54.384345
                            ],
                            [
                                12.78712,
                                54.392076
                            ],
                            [
                                12.778331,
                                54.384752
                            ],
                            [
                                12.768565,
                                54.380072
                            ],
                            [
                                12.757823,
                                54.379788
                            ],
                            [
                                12.746104,
                                54.385891
                            ],
                            [
                                12.735037,
                                54.37816
                            ],
                            [
                                12.723806,
                                54.381252
                            ],
                            [
                                12.713552,
                                54.390082
                            ],
                            [
                                12.7046,
                                54.399604
                            ],
                            [
                                12.701182,
                                54.391669
                            ],
                            [
                                12.696625,
                                54.384955
                            ],
                            [
                                12.684093,
                                54.37226
                            ],
                            [
                                12.686534,
                                54.384752
                            ],
                            [
                                12.692393,
                                54.396186
                            ],
                            [
                                12.702485,
                                54.40412
                            ],
                            [
                                12.71754,
                                54.406399
                            ],
                            [
                                12.71754,
                                54.413805
                            ],
                            [
                                12.704845,
                                54.414618
                            ],
                            [
                                12.692556,
                                54.413642
                            ],
                            [
                                12.680837,
                                54.410875
                            ],
                            [
                                12.670421,
                                54.406399
                            ],
                            [
                                12.672374,
                                54.402981
                            ],
                            [
                                12.675059,
                                54.395413
                            ],
                            [
                                12.677257,
                                54.392076
                            ],
                            [
                                12.622732,
                                54.373928
                            ],
                            [
                                12.592947,
                                54.36933
                            ],
                            [
                                12.574229,
                                54.379096
                            ],
                            [
                                12.574229,
                                54.37226
                            ],
                            [
                                12.566091,
                                54.375922
                            ],
                            [
                                12.559337,
                                54.376288
                            ],
                            [
                                12.540782,
                                54.37226
                            ],
                            [
                                12.540782,
                                54.365424
                            ],
                            [
                                12.547048,
                                54.364488
                            ],
                            [
                                12.560557,
                                54.358588
                            ],
                            [
                                12.495616,
                                54.340277
                            ],
                            [
                                12.478689,
                                54.331855
                            ],
                            [
                                12.476573,
                                54.327786
                            ],
                            [
                                12.475597,
                                54.315131
                            ],
                            [
                                12.472423,
                                54.310208
                            ],
                            [
                                12.468272,
                                54.308336
                            ],
                            [
                                12.457286,
                                54.306301
                            ],
                            [
                                12.451427,
                                54.303941
                            ],
                            [
                                12.42628,
                                54.289618
                            ],
                            [
                                12.41684,
                                54.280951
                            ],
                            [
                                12.41033,
                                54.269192
                            ],
                            [
                                12.430837,
                                54.258612
                            ],
                            [
                                12.442638,
                                54.255195
                            ],
                            [
                                12.458181,
                                54.255561
                            ],
                            [
                                12.436778,
                                54.247708
                            ],
                            [
                                12.412446,
                                54.25141
                            ],
                            [
                                12.368826,
                                54.269192
                            ],
                            [
                                12.380138,
                                54.277086
                            ],
                            [
                                12.37794,
                                54.285875
                            ],
                            [
                                12.36964,
                                54.296576
                            ],
                            [
                                12.362559,
                                54.310208
                            ],
                            [
                                12.37908,
                                54.312445
                            ],
                            [
                                12.391612,
                                54.321112
                            ],
                            [
                                12.396495,
                                54.332953
                            ],
                            [
                                12.389903,
                                54.344916
                            ],
                            [
                                12.396739,
                                54.351752
                            ],
                            [
                                12.403819,
                                54.34809
                            ],
                            [
                                12.409679,
                                54.346625
                            ],
                            [
                                12.424002,
                                54.344916
                            ],
                            [
                                12.418468,
                                54.360663
                            ],
                            [
                                12.424978,
                                54.375922
                            ],
                            [
                                12.438487,
                                54.387518
                            ],
                            [
                                12.454763,
                                54.392076
                            ],
                            [
                                12.490977,
                                54.390082
                            ],
                            [
                                12.510753,
                                54.384264
                            ],
                            [
                                12.527029,
                                54.37226
                            ],
                            [
                                12.535981,
                                54.383734
                            ],
                            [
                                12.554047,
                                54.390814
                            ],
                            [
                                12.575531,
                                54.391995
                            ],
                            [
                                12.594737,
                                54.385891
                            ],
                            [
                                12.594412,
                                54.390204
                            ],
                            [
                                12.595876,
                                54.391506
                            ],
                            [
                                12.598643,
                                54.391547
                            ],
                            [
                                12.602224,
                                54.392076
                            ],
                            [
                                12.594005,
                                54.392768
                            ],
                            [
                                12.587657,
                                54.394029
                            ],
                            [
                                12.583507,
                                54.397854
                            ],
                            [
                                12.581716,
                                54.406399
                            ],
                            [
                                12.588064,
                                54.407457
                            ],
                            [
                                12.596934,
                                54.411933
                            ],
                            [
                                12.602224,
                                54.413805
                            ],
                            [
                                12.608409,
                                54.406399
                            ],
                            [
                                12.614513,
                                54.419745
                            ],
                            [
                                12.624197,
                                54.422919
                            ],
                            [
                                12.650076,
                                54.420071
                            ],
                            [
                                12.670421,
                                54.420071
                            ],
                            [
                                12.676117,
                                54.422553
                            ],
                            [
                                12.686778,
                                54.431627
                            ],
                            [
                                12.694591,
                                54.433661
                            ],
                            [
                                12.720958,
                                54.431586
                            ],
                            [
                                12.763682,
                                54.422187
                            ],
                            [
                                12.870779,
                                54.416816
                            ],
                            [
                                12.896332,
                                54.420071
                            ],
                            [
                                12.921153,
                                54.433498
                            ],
                            [
                                12.908376,
                                54.444647
                            ],
                            [
                                12.879649,
                                54.448798
                            ],
                            [
                                12.856619,
                                54.441107
                            ],
                            [
                                12.819102,
                                54.451727
                            ],
                            [
                                12.591482,
                                54.451727
                            ],
                            [
                                12.54835,
                                54.462063
                            ],
                            [
                                12.527029,
                                54.482123
                            ],
                            [
                                12.533865,
                                54.482123
                            ],
                            [
                                12.533865,
                                54.488267
                            ],
                            [
                                12.513438,
                                54.482245
                            ],
                            [
                                12.501964,
                                54.473578
                            ],
                            [
                                12.486095,
                                54.447333
                            ],
                            [
                                12.444835,
                                54.405463
                            ],
                            [
                                12.438324,
                                54.395819
                            ],
                            [
                                12.378184,
                                54.344916
                            ],
                            [
                                12.342133,
                                54.303941
                            ],
                            [
                                12.327322,
                                54.293769
                            ],
                            [
                                12.289399,
                                54.275092
                            ],
                            [
                                12.214041,
                                54.250963
                            ],
                            [
                                12.200938,
                                54.248725
                            ],
                            [
                                12.18686,
                                54.243354
                            ],
                            [
                                12.163097,
                                54.219916
                            ],
                            [
                                12.142833,
                                54.209174
                            ],
                            [
                                12.108897,
                                54.18301
                            ],
                            [
                                12.101329,
                                54.173651
                            ],
                            [
                                12.110606,
                                54.177436
                            ],
                            [
                                12.12086,
                                54.179999
                            ],
                            [
                                12.131602,
                                54.181138
                            ],
                            [
                                12.142833,
                                54.180487
                            ],
                            [
                                12.134288,
                                54.166978
                            ],
                            [
                                12.105479,
                                54.157375
                            ],
                            [
                                12.095063,
                                54.145697
                            ],
                            [
                                12.100352,
                                54.135972
                            ],
                            [
                                12.105317,
                                54.110012
                            ],
                            [
                                12.115001,
                                54.097887
                            ],
                            [
                                12.091645,
                                54.114
                            ],
                            [
                                12.089529,
                                54.137641
                            ],
                            [
                                12.093272,
                                54.165432
                            ],
                            [
                                12.088145,
                                54.194078
                            ],
                            [
                                12.050629,
                                54.179918
                            ],
                            [
                                11.812266,
                                54.149807
                            ],
                            [
                                11.72877,
                                54.158515
                            ],
                            [
                                11.689708,
                                54.155219
                            ],
                            [
                                11.657888,
                                54.142239
                            ],
                            [
                                11.633149,
                                54.115912
                            ],
                            [
                                11.629405,
                                54.113227
                            ],
                            [
                                11.625255,
                                54.109809
                            ],
                            [
                                11.622081,
                                54.104682
                            ],
                            [
                                11.622081,
                                54.099555
                            ],
                            [
                                11.629568,
                                54.096015
                            ],
                            [
                                11.628917,
                                54.09105
                            ],
                            [
                                11.624522,
                                54.083645
                            ],
                            [
                                11.619395,
                                54.077297
                            ],
                            [
                                11.612804,
                                54.072903
                            ],
                            [
                                11.604747,
                                54.071234
                            ],
                            [
                                11.591319,
                                54.065619
                            ],
                            [
                                11.573497,
                                54.039049
                            ],
                            [
                                11.553233,
                                54.030219
                            ],
                            [
                                11.544607,
                                54.030178
                            ],
                            [
                                11.519054,
                                54.036444
                            ],
                            [
                                11.519054,
                                54.030219
                            ],
                            [
                                11.52589,
                                54.030219
                            ],
                            [
                                11.52589,
                                54.022773
                            ],
                            [
                                11.49171,
                                54.002346
                            ],
                            [
                                11.4935,
                                53.997626
                            ],
                            [
                                11.495942,
                                53.986314
                            ],
                            [
                                11.497895,
                                53.981838
                            ],
                            [
                                11.489513,
                                53.980617
                            ],
                            [
                                11.479828,
                                53.976142
                            ],
                            [
                                11.472423,
                                53.968818
                            ],
                            [
                                11.476817,
                                53.952704
                            ],
                            [
                                11.469086,
                                53.932766
                            ],
                            [
                                11.458995,
                                53.916693
                            ],
                            [
                                11.457693,
                                53.906155
                            ],
                            [
                                11.4463,
                                53.906155
                            ],
                            [
                                11.438731,
                                53.909125
                            ],
                            [
                                11.400401,
                                53.93773
                            ],
                            [
                                11.399913,
                                53.940863
                            ],
                            [
                                11.358246,
                                53.940863
                            ],
                            [
                                11.352061,
                                53.944159
                            ],
                            [
                                11.341807,
                                53.958319
                            ],
                            [
                                11.334158,
                                53.961371
                            ],
                            [
                                11.293712,
                                53.940863
                            ],
                            [
                                11.285411,
                                53.939683
                            ],
                            [
                                11.255626,
                                53.940863
                            ],
                            [
                                11.242931,
                                53.945217
                            ],
                            [
                                11.240733,
                                53.955634
                            ],
                            [
                                11.245372,
                                53.97842
                            ],
                            [
                                11.239919,
                                53.983466
                            ],
                            [
                                11.204356,
                                53.989244
                            ],
                            [
                                11.197276,
                                53.996243
                            ],
                            [
                                11.190766,
                                54.010322
                            ],
                            [
                                11.183849,
                                54.016018
                            ],
                            [
                                11.175059,
                                54.018012
                            ],
                            [
                                11.053477,
                                54.00849
                            ],
                            [
                                11.000255,
                                53.991604
                            ],
                            [
                                10.981212,
                                53.989244
                            ],
                            [
                                10.964692,
                                53.985419
                            ],
                            [
                                10.935395,
                                53.967271
                            ],
                            [
                                10.922618,
                                53.961371
                            ],
                            [
                                10.917654,
                                53.960761
                            ],
                            [
                                10.906016,
                                53.961209
                            ],
                            [
                                10.904482,
                                53.957327
                            ],
                            [
                                10.904172,
                                53.931282
                            ],
                            [
                                10.907428,
                                53.928388
                            ],
                            [
                                10.910683,
                                53.924668
                            ],
                            [
                                10.915334,
                                53.922859
                            ],
                            [
                                10.91828,
                                53.921309
                            ],
                            [
                                10.920295,
                                53.920533
                            ],
                            [
                                10.960499,
                                53.912937
                            ],
                            [
                                10.961274,
                                53.911903
                            ],
                            [
                                10.960499,
                                53.911413
                            ],
                            [
                                10.958432,
                                53.911128
                            ],
                            [
                                10.956882,
                                53.910715
                            ],
                            [
                                10.954608,
                                53.909681
                            ],
                            [
                                10.950681,
                                53.907407
                            ],
                            [
                                10.945255,
                                53.905185
                            ],
                            [
                                10.91766,
                                53.902137
                            ],
                            [
                                10.912854,
                                53.902137
                            ],
                            [
                                10.911613,
                                53.902395
                            ],
                            [
                                10.910528,
                                53.902757
                            ],
                            [
                                10.908668,
                                53.903738
                            ],
                            [
                                10.906652,
                                53.90534
                            ],
                            [
                                10.905877,
                                53.907356
                            ],
                            [
                                10.906032,
                                53.908906
                            ],
                            [
                                10.906963,
                                53.910767
                            ],
                            [
                                10.908203,
                                53.912627
                            ],
                            [
                                10.908358,
                                53.914177
                            ],
                            [
                                10.907273,
                                53.915469
                            ],
                            [
                                10.894974,
                                53.917898
                            ],
                            [
                                10.891718,
                                53.919035
                            ],
                            [
                                10.888772,
                                53.919371
                            ],
                            [
                                10.885207,
                                53.919138
                            ],
                            [
                                10.861332,
                                53.909836
                            ],
                            [
                                10.812291,
                                53.882655
                            ],
                            [
                                10.792758,
                                53.875368
                            ],
                            [
                                10.772552,
                                53.869942
                            ],
                            [
                                10.766971,
                                53.867358
                            ],
                            [
                                10.76325,
                                53.865059
                            ],
                            [
                                10.755499,
                                53.854336
                            ],
                            [
                                10.754104,
                                53.851675
                            ],
                            [
                                10.751313,
                                53.843122
                            ],
                            [
                                10.751003,
                                53.841003
                            ],
                            [
                                10.751003,
                                53.83891
                            ],
                            [
                                10.751623,
                                53.836559
                            ],
                            [
                                10.753018,
                                53.83413
                            ],
                            [
                                10.761545,
                                53.822503
                            ],
                            [
                                10.762785,
                                53.819945
                            ],
                            [
                                10.764956,
                                53.811289
                            ],
                            [
                                10.767436,
                                53.804726
                            ],
                            [
                                10.771002,
                                53.793332
                            ],
                            [
                                10.769607,
                                53.782661
                            ],
                            [
                                10.767436,
                                53.774599
                            ],
                            [
                                10.758444,
                                53.751913
                            ],
                            [
                                10.757824,
                                53.749174
                            ],
                            [
                                10.75891,
                                53.747882
                            ],
                            [
                                10.760925,
                                53.746694
                            ],
                            [
                                10.769296,
                                53.745815
                            ],
                            [
                                10.778133,
                                53.745841
                            ],
                            [
                                10.805935,
                                53.74119
                            ],
                            [
                                10.809656,
                                53.739201
                            ],
                            [
                                10.817407,
                                53.73331
                            ],
                            [
                                10.825159,
                                53.725403
                            ],
                            [
                                10.846604,
                                53.708531
                            ],
                            [
                                10.857456,
                                53.702588
                            ],
                            [
                                10.865518,
                                53.699875
                            ],
                            [
                                10.878851,
                                53.701968
                            ],
                            [
                                10.886292,
                                53.70189
                            ],
                            [
                                10.895594,
                                53.700908
                            ],
                            [
                                10.914559,
                                53.696775
                            ],
                            [
                                10.925256,
                                53.692434
                            ],
                            [
                                10.938123,
                                53.684708
                            ],
                            [
                                10.942774,
                                53.680548
                            ],
                            [
                                10.945565,
                                53.67706
                            ],
                            [
                                10.94572,
                                53.674114
                            ],
                            [
                                10.9451,
                                53.671324
                            ],
                            [
                                10.94541,
                                53.668146
                            ],
                            [
                                10.946495,
                                53.664942
                            ],
                            [
                                10.955022,
                                53.655459
                            ],
                            [
                                10.956158,
                                53.652901
                            ],
                            [
                                10.956469,
                                53.650343
                            ],
                            [
                                10.956158,
                                53.647656
                            ],
                            [
                                10.955642,
                                53.644581
                            ],
                            [
                                10.955952,
                                53.641842
                            ],
                            [
                                10.955952,
                                53.639104
                            ],
                            [
                                10.954918,
                                53.636623
                            ],
                            [
                                10.953161,
                                53.634272
                            ],
                            [
                                10.947735,
                                53.630784
                            ],
                            [
                                10.939829,
                                53.628716
                            ],
                            [
                                10.940604,
                                53.611405
                            ],
                            [
                                10.952696,
                                53.584378
                            ],
                            [
                                10.953781,
                                53.57797
                            ],
                            [
                                10.953006,
                                53.573681
                            ],
                            [
                                10.949596,
                                53.572079
                            ],
                            [
                                10.942309,
                                53.569702
                            ],
                            [
                                10.943394,
                                53.568798
                            ],
                            [
                                10.950991,
                                53.567867
                            ],
                            [
                                10.954401,
                                53.566136
                            ],
                            [
                                10.953316,
                                53.564793
                            ],
                            [
                                10.949751,
                                53.562519
                            ],
                            [
                                10.944325,
                                53.559728
                            ],
                            [
                                10.938123,
                                53.552545
                            ],
                            [
                                10.933473,
                                53.5496
                            ],
                            [
                                10.928977,
                                53.548463
                            ],
                            [
                                10.926031,
                                53.549858
                            ],
                            [
                                10.923861,
                                53.551848
                            ],
                            [
                                10.922931,
                                53.554638
                            ],
                            [
                                10.921845,
                                53.560504
                            ],
                            [
                                10.920605,
                                53.563087
                            ],
                            [
                                10.919055,
                                53.565413
                            ],
                            [
                                10.917194,
                                53.567738
                            ],
                            [
                                10.914869,
                                53.569702
                            ],
                            [
                                10.911458,
                                53.571356
                            ],
                            [
                                10.907738,
                                53.572208
                            ],
                            [
                                10.903552,
                                53.572338
                            ],
                            [
                                10.857767,
                                53.568204
                            ],
                            [
                                10.853271,
                                53.568359
                            ],
                            [
                                10.849705,
                                53.569108
                            ],
                            [
                                10.841437,
                                53.571873
                            ],
                            [
                                10.83322,
                                53.571873
                            ],
                            [
                                10.829655,
                                53.570064
                            ],
                            [
                                10.828259,
                                53.567428
                            ],
                            [
                                10.828569,
                                53.564638
                            ],
                            [
                                10.83105,
                                53.556344
                            ],
                            [
                                10.83322,
                                53.551021
                            ],
                            [
                                10.833375,
                                53.547791
                            ],
                            [
                                10.832445,
                                53.544071
                            ],
                            [
                                10.825624,
                                53.534717
                            ],
                            [
                                10.823918,
                                53.531281
                            ],
                            [
                                10.823608,
                                53.52849
                            ],
                            [
                                10.821903,
                                53.522831
                            ],
                            [
                                10.821438,
                                53.519834
                            ],
                            [
                                10.822523,
                                53.516475
                            ],
                            [
                                10.820353,
                                53.514796
                            ],
                            [
                                10.80485,
                                53.509396
                            ],
                            [
                                10.76015,
                                53.488157
                            ],
                            [
                                10.755344,
                                53.486942
                            ],
                            [
                                10.745112,
                                53.485883
                            ],
                            [
                                10.725682,
                                53.481129
                            ],
                            [
                                10.708163,
                                53.479449
                            ],
                            [
                                10.704288,
                                53.47777
                            ],
                            [
                                10.701652,
                                53.475548
                            ],
                            [
                                10.698551,
                                53.469372
                            ],
                            [
                                10.697156,
                                53.465419
                            ],
                            [
                                10.694521,
                                53.460096
                            ],
                            [
                                10.690955,
                                53.457719
                            ],
                            [
                                10.686304,
                                53.456841
                            ],
                            [
                                10.674625,
                                53.459399
                            ],
                            [
                                10.669044,
                                53.459269
                            ],
                            [
                                10.661138,
                                53.458184
                            ],
                            [
                                10.647185,
                                53.453947
                            ],
                            [
                                10.640829,
                                53.450975
                            ],
                            [
                                10.636798,
                                53.447875
                            ],
                            [
                                10.635403,
                                53.445239
                            ],
                            [
                                10.627186,
                                53.413691
                            ],
                            [
                                10.626411,
                                53.40749
                            ],
                            [
                                10.626721,
                                53.404441
                            ],
                            [
                                10.627186,
                                53.401547
                            ],
                            [
                                10.625791,
                                53.397258
                            ],
                            [
                                10.622225,
                                53.391005
                            ],
                            [
                                10.612097,
                                53.380928
                            ],
                            [
                                10.601245,
                                53.371833
                            ],
                            [
                                10.675504,
                                53.373693
                            ],
                            [
                                10.709714,
                                53.368345
                            ],
                            [
                                10.731573,
                                53.351989
                            ],
                            [
                                10.734312,
                                53.33783
                            ],
                            [
                                10.734622,
                                53.321707
                            ],
                            [
                                10.739428,
                                53.308452
                            ],
                            [
                                10.755809,
                                53.302948
                            ],
                            [
                                10.775136,
                                53.300235
                            ],
                            [
                                10.786815,
                                53.29344
                            ],
                            [
                                10.80733,
                                53.275637
                            ],
                            [
                                10.839266,
                                53.260108
                            ],
                            [
                                10.930217,
                                53.228457
                            ],
                            [
                                11.040081,
                                53.166393
                            ],
                            [
                                11.06809,
                                53.155516
                            ],
                            [
                                11.07765,
                                53.149004
                            ],
                            [
                                11.089432,
                                53.144198
                            ],
                            [
                                11.099716,
                                53.148539
                            ],
                            [
                                11.109276,
                                53.155774
                            ],
                            [
                                11.124934,
                                53.16213
                            ],
                            [
                                11.133099,
                                53.167608
                            ],
                            [
                                11.143434,
                                53.172672
                            ],
                            [
                                11.156146,
                                53.173861
                            ],
                            [
                                11.164518,
                                53.170863
                            ],
                            [
                                11.170409,
                                53.165463
                            ],
                            [
                                11.176145,
                                53.158874
                            ],
                            [
                                11.184052,
                                53.152105
                            ],
                            [
                                11.194335,
                                53.140943
                            ],
                            [
                                11.201363,
                                53.140478
                            ],
                            [
                                11.214489,
                                53.149004
                            ],
                            [
                                11.224669,
                                53.153035
                            ],
                            [
                                11.232317,
                                53.148797
                            ],
                            [
                                11.239707,
                                53.142028
                            ],
                            [
                                11.25583,
                                53.136188
                            ],
                            [
                                11.262445,
                                53.130711
                            ],
                            [
                                11.27409,
                                53.117544
                            ],
                            [
                                11.274517,
                                53.117061
                            ],
                            [
                                11.290918,
                                53.098516
                            ],
                            [
                                11.327609,
                                53.07242
                            ],
                            [
                                11.344145,
                                53.066322
                            ],
                            [
                                11.365643,
                                53.063997
                            ],
                            [
                                11.384246,
                                53.067123
                            ],
                            [
                                11.416854,
                                53.080895
                            ],
                            [
                                11.437938,
                                53.08384
                            ],
                            [
                                11.460934,
                                53.079422
                            ],
                            [
                                11.490699,
                                53.060741
                            ],
                            [
                                11.509303,
                                53.056503
                            ],
                            [
                                11.532299,
                                53.054643
                            ],
                            [
                                11.58134,
                                53.042861
                            ],
                            [
                                11.56191,
                                53.01002
                            ],
                            [
                                11.551988,
                                53.005654
                            ],
                            [
                                11.538965,
                                53.00555
                            ],
                            [
                                11.530749,
                                53.007695
                            ],
                            [
                                11.525168,
                                53.008238
                            ],
                            [
                                11.515091,
                                53.006739
                            ],
                            [
                                11.509768,
                                53.003845
                            ],
                            [
                                11.506823,
                                53.001132
                            ],
                            [
                                11.501862,
                                52.991908
                            ],
                            [
                                11.500931,
                                52.989143
                            ],
                            [
                                11.496281,
                                52.969403
                            ],
                            [
                                11.496281,
                                52.963021
                            ],
                            [
                                11.496591,
                                52.959972
                            ],
                            [
                                11.497986,
                                52.954494
                            ],
                            [
                                11.500466,
                                52.949533
                            ],
                            [
                                11.502017,
                                52.944159
                            ],
                            [
                                11.500156,
                                52.942609
                            ],
                            [
                                11.498296,
                                52.941833
                            ],
                            [
                                11.479382,
                                52.941239
                            ],
                            [
                                11.470391,
                                52.940076
                            ],
                            [
                                11.412358,
                                52.906435
                            ],
                            [
                                11.408741,
                                52.905246
                            ],
                            [
                                11.373704,
                                52.899562
                            ],
                            [
                                11.312881,
                                52.883801
                            ],
                            [
                                11.292262,
                                52.883181
                            ],
                            [
                                11.284459,
                                52.8853
                            ],
                            [
                                11.278723,
                                52.884318
                            ],
                            [
                                11.272832,
                                52.882095
                            ],
                            [
                                11.264305,
                                52.877548
                            ],
                            [
                                11.258104,
                                52.876308
                            ],
                            [
                                11.253298,
                                52.876153
                            ],
                            [
                                11.250507,
                                52.876928
                            ],
                            [
                                11.248182,
                                52.877858
                            ],
                            [
                                11.246167,
                                52.879563
                            ],
                            [
                                11.244306,
                                52.881579
                            ],
                            [
                                11.242911,
                                52.884059
                            ],
                            [
                                11.240896,
                                52.886152
                            ],
                            [
                                11.237898,
                                52.887857
                            ],
                            [
                                11.225341,
                                52.890984
                            ],
                            [
                                11.22224,
                                52.892482
                            ],
                            [
                                11.21976,
                                52.894446
                            ],
                            [
                                11.216969,
                                52.896255
                            ],
                            [
                                11.213559,
                                52.897753
                            ],
                            [
                                11.165293,
                                52.903257
                            ],
                            [
                                11.10664,
                                52.900596
                            ],
                            [
                                11.098889,
                                52.901422
                            ],
                            [
                                11.080905,
                                52.90752
                            ],
                            [
                                11.050778,
                                52.912274
                            ],
                            [
                                11.034345,
                                52.913076
                            ],
                            [
                                11.014656,
                                52.911861
                            ],
                            [
                                11.002512,
                                52.908709
                            ],
                            [
                                11.000652,
                                52.90765
                            ],
                            [
                                10.999877,
                                52.9069
                            ],
                            [
                                10.998792,
                                52.905867
                            ],
                            [
                                10.997396,
                                52.903903
                            ],
                            [
                                10.995846,
                                52.901371
                            ],
                            [
                                10.994761,
                                52.898477
                            ],
                            [
                                10.993986,
                                52.895505
                            ],
                            [
                                10.993676,
                                52.892637
                            ],
                            [
                                10.993521,
                                52.887625
                            ],
                            [
                                10.993055,
                                52.885997
                            ],
                            [
                                10.99166,
                                52.883904
                            ],
                            [
                                10.989335,
                                52.882121
                            ],
                            [
                                10.970421,
                                52.873104
                            ],
                            [
                                10.960654,
                                52.865146
                            ],
                            [
                                10.941689,
                                52.859074
                            ],
                            [
                                10.914094,
                                52.853725
                            ],
                            [
                                10.898901,
                                52.848919
                            ],
                            [
                                10.885517,
                                52.847162
                            ],
                            [
                                10.842522,
                                52.84848
                            ],
                            [
                                10.795393,
                                52.846335
                            ],
                            [
                                10.76201,
                                52.838377
                            ],
                            [
                                10.758599,
                                52.835096
                            ],
                            [
                                10.76077,
                                52.829954
                            ],
                            [
                                10.76046,
                                52.826492
                            ],
                            [
                                10.757824,
                                52.821737
                            ],
                            [
                                10.756739,
                                52.818172
                            ],
                            [
                                10.757049,
                                52.815175
                            ],
                            [
                                10.75922,
                                52.810007
                            ],
                            [
                                10.759995,
                                52.807242
                            ],
                            [
                                10.76015,
                                52.804297
                            ],
                            [
                                10.76015,
                                52.801351
                            ],
                            [
                                10.757359,
                                52.792437
                            ],
                            [
                                10.756739,
                                52.789491
                            ],
                            [
                                10.756894,
                                52.786494
                            ],
                            [
                                10.757979,
                                52.783626
                            ],
                            [
                                10.759375,
                                52.781688
                            ],
                            [
                                10.763715,
                                52.777347
                            ],
                            [
                                10.774257,
                                52.761689
                            ],
                            [
                                10.778753,
                                52.758382
                            ],
                            [
                                10.791672,
                                52.750372
                            ],
                            [
                                10.793843,
                                52.747943
                            ],
                            [
                                10.794773,
                                52.740373
                            ],
                            [
                                10.796168,
                                52.734094
                            ],
                            [
                                10.800974,
                                52.722467
                            ],
                            [
                                10.805935,
                                52.7181
                            ],
                            [
                                10.811206,
                                52.716059
                            ],
                            [
                                10.821748,
                                52.716059
                            ],
                            [
                                10.828724,
                                52.713785
                            ],
                            [
                                10.836941,
                                52.710271
                            ],
                            [
                                10.84707,
                                52.697352
                            ],
                            [
                                10.884897,
                                52.651412
                            ],
                            [
                                10.91983,
                                52.619476
                            ],
                            [
                                10.928202,
                                52.614205
                            ],
                            [
                                10.933783,
                                52.612913
                            ],
                            [
                                10.937348,
                                52.613843
                            ],
                            [
                                10.948665,
                                52.620509
                            ],
                            [
                                10.952076,
                                52.621801
                            ],
                            [
                                10.957192,
                                52.622525
                            ],
                            [
                                10.96329,
                                52.622111
                            ],
                            [
                                10.973367,
                                52.619321
                            ],
                            [
                                10.976777,
                                52.616272
                            ],
                            [
                                10.977708,
                                52.613171
                            ],
                            [
                                10.976312,
                                52.610587
                            ],
                            [
                                10.974297,
                                52.608314
                            ],
                            [
                                10.969336,
                                52.60436
                            ],
                            [
                                10.952696,
                                52.593276
                            ],
                            [
                                10.950371,
                                52.591157
                            ],
                            [
                                10.948355,
                                52.588935
                            ],
                            [
                                10.947115,
                                52.586351
                            ],
                            [
                                10.946495,
                                52.583612
                            ],
                            [
                                10.945875,
                                52.567929
                            ],
                            [
                                10.946495,
                                52.562942
                            ],
                            [
                                10.94913,
                                52.553743
                            ],
                            [
                                10.951301,
                                52.548989
                            ],
                            [
                                10.953678,
                                52.545475
                            ],
                            [
                                10.955848,
                                52.543382
                            ],
                            [
                                10.960809,
                                52.539687
                            ],
                            [
                                10.963755,
                                52.53806
                            ],
                            [
                                10.96639,
                                52.536199
                            ],
                            [
                                10.994141,
                                52.508992
                            ],
                            [
                                10.999567,
                                52.502584
                            ],
                            [
                                11.001737,
                                52.49814
                            ],
                            [
                                10.998947,
                                52.497054
                            ],
                            [
                                10.994451,
                                52.496899
                            ],
                            [
                                10.976002,
                                52.499483
                            ],
                            [
                                10.971351,
                                52.499586
                            ],
                            [
                                10.966855,
                                52.499121
                            ],
                            [
                                10.96267,
                                52.498346
                            ],
                            [
                                10.955642,
                                52.496047
                            ],
                            [
                                10.952541,
                                52.494419
                            ],
                            [
                                10.950061,
                                52.492455
                            ],
                            [
                                10.948355,
                                52.490181
                            ],
                            [
                                10.94727,
                                52.487804
                            ],
                            [
                                10.946805,
                                52.484187
                            ],
                            [
                                10.946185,
                                52.482843
                            ],
                            [
                                10.945255,
                                52.481603
                            ],
                            [
                                10.943239,
                                52.479588
                            ],
                            [
                                10.941379,
                                52.476435
                            ],
                            [
                                10.940449,
                                52.472766
                            ],
                            [
                                10.939054,
                                52.462121
                            ],
                            [
                                11.010729,
                                52.403468
                            ],
                            [
                                11.01538,
                                52.400626
                            ],
                            [
                                11.020857,
                                52.398301
                            ],
                            [
                                11.024423,
                                52.397216
                            ],
                            [
                                11.037601,
                                52.394838
                            ],
                            [
                                11.066953,
                                52.379749
                            ],
                            [
                                11.070053,
                                52.376545
                            ],
                            [
                                11.072999,
                                52.372178
                            ],
                            [
                                11.072017,
                                52.368535
                            ],
                            [
                                11.070467,
                                52.364737
                            ],
                            [
                                11.069123,
                                52.358458
                            ],
                            [
                                11.066746,
                                52.355694
                            ],
                            [
                                11.0638,
                                52.353833
                            ],
                            [
                                11.047057,
                                52.350965
                            ],
                            [
                                11.018997,
                                52.348743
                            ],
                            [
                                11.008403,
                                52.346314
                            ],
                            [
                                11.001427,
                                52.34373
                            ],
                            [
                                10.999257,
                                52.34249
                            ],
                            [
                                10.999257,
                                52.34032
                            ],
                            [
                                11.000032,
                                52.338149
                            ],
                            [
                                11.000807,
                                52.333343
                            ],
                            [
                                11.001737,
                                52.330449
                            ],
                            [
                                11.002977,
                                52.328848
                            ],
                            [
                                11.005923,
                                52.327685
                            ],
                            [
                                11.013829,
                                52.325799
                            ],
                            [
                                11.020702,
                                52.323163
                            ],
                            [
                                11.022873,
                                52.321639
                            ],
                            [
                                11.023958,
                                52.320424
                            ],
                            [
                                11.024733,
                                52.318306
                            ],
                            [
                                11.025198,
                                52.31598
                            ],
                            [
                                11.026128,
                                52.31381
                            ],
                            [
                                11.027524,
                                52.312259
                            ],
                            [
                                11.030469,
                                52.310192
                            ],
                            [
                                11.033725,
                                52.306472
                            ],
                            [
                                11.033725,
                                52.303707
                            ],
                            [
                                11.032019,
                                52.301382
                            ],
                            [
                                11.021012,
                                52.295723
                            ],
                            [
                                11.01569,
                                52.291692
                            ],
                            [
                                11.014139,
                                52.289677
                            ],
                            [
                                11.01476,
                                52.287403
                            ],
                            [
                                11.027214,
                                52.275156
                            ],
                            [
                                11.033415,
                                52.271125
                            ],
                            [
                                11.037446,
                                52.269006
                            ],
                            [
                                11.042096,
                                52.263477
                            ],
                            [
                                11.044577,
                                52.261772
                            ],
                            [
                                11.047987,
                                52.261203
                            ],
                            [
                                11.055894,
                                52.262598
                            ],
                            [
                                11.0607,
                                52.26141
                            ],
                            [
                                11.06225,
                                52.258516
                            ],
                            [
                                11.061785,
                                52.250868
                            ],
                            [
                                11.062715,
                                52.245907
                            ],
                            [
                                11.063645,
                                52.243685
                            ],
                            [
                                11.066333,
                                52.243504
                            ],
                            [
                                11.068503,
                                52.245028
                            ],
                            [
                                11.070467,
                                52.24694
                            ],
                            [
                                11.072637,
                                52.249938
                            ],
                            [
                                11.073464,
                                52.250764
                            ],
                            [
                                11.075634,
                                52.251281
                            ],
                            [
                                11.078425,
                                52.250971
                            ],
                            [
                                11.082921,
                                52.247147
                            ],
                            [
                                11.084471,
                                52.243659
                            ],
                            [
                                11.085246,
                                52.240093
                            ],
                            [
                                11.085091,
                                52.230714
                            ],
                            [
                                11.084316,
                                52.22782
                            ],
                            [
                                11.082921,
                                52.225133
                            ],
                            [
                                11.080905,
                                52.222833
                            ],
                            [
                                11.07827,
                                52.220999
                            ],
                            [
                                11.072017,
                                52.218751
                            ],
                            [
                                11.057909,
                                52.217071
                            ],
                            [
                                11.037446,
                                52.211464
                            ],
                            [
                                11.03419,
                                52.209604
                            ],
                            [
                                11.029074,
                                52.206116
                            ],
                            [
                                11.020702,
                                52.19405
                            ],
                            [
                                11.019307,
                                52.189993
                            ],
                            [
                                11.019307,
                                52.186867
                            ],
                            [
                                11.022718,
                                52.181983
                            ],
                            [
                                11.025043,
                                52.179348
                            ],
                            [
                                11.027214,
                                52.177539
                            ],
                            [
                                11.030004,
                                52.175834
                            ],
                            [
                                11.03326,
                                52.174438
                            ],
                            [
                                11.037135,
                                52.173327
                            ],
                            [
                                11.041631,
                                52.172836
                            ],
                            [
                                11.045972,
                                52.173146
                            ],
                            [
                                11.050468,
                                52.171699
                            ],
                            [
                                11.054344,
                                52.168392
                            ],
                            [
                                11.057909,
                                52.158005
                            ],
                            [
                                11.057909,
                                52.152838
                            ],
                            [
                                11.056514,
                                52.148859
                            ],
                            [
                                11.048298,
                                52.139712
                            ],
                            [
                                11.043337,
                                52.1355
                            ],
                            [
                                11.038221,
                                52.131702
                            ],
                            [
                                11.013829,
                                52.118938
                            ],
                            [
                                10.9929,
                                52.1116
                            ],
                            [
                                10.958122,
                                52.10483
                            ],
                            [
                                10.951611,
                                52.102376
                            ],
                            [
                                10.94882,
                                52.09974
                            ],
                            [
                                10.947735,
                                52.096975
                            ],
                            [
                                10.94851,
                                52.094857
                            ],
                            [
                                10.949441,
                                52.093668
                            ],
                            [
                                10.951766,
                                52.092221
                            ],
                            [
                                10.967166,
                                52.084935
                            ],
                            [
                                10.969336,
                                52.083539
                            ],
                            [
                                10.970111,
                                52.081214
                            ],
                            [
                                10.970731,
                                52.07708
                            ],
                            [
                                10.969956,
                                52.068915
                            ],
                            [
                                10.968406,
                                52.064574
                            ],
                            [
                                10.965925,
                                52.061422
                            ],
                            [
                                10.96298,
                                52.05982
                            ],
                            [
                                10.959052,
                                52.05858
                            ],
                            [
                                10.955538,
                                52.05796
                            ],
                            [
                                10.945565,
                                52.057701
                            ],
                            [
                                10.896214,
                                52.058528
                            ],
                            [
                                10.876215,
                                52.056668
                            ],
                            [
                                10.850325,
                                52.05026
                            ],
                            [
                                10.717465,
                                52.050234
                            ],
                            [
                                10.660828,
                                52.044731
                            ],
                            [
                                10.652456,
                                52.042612
                            ],
                            [
                                10.651061,
                                52.040286
                            ],
                            [
                                10.651216,
                                52.037702
                            ],
                            [
                                10.651991,
                                52.035015
                            ],
                            [
                                10.652146,
                                52.03238
                            ],
                            [
                                10.651216,
                                52.029796
                            ],
                            [
                                10.643309,
                                52.024473
                            ],
                            [
                                10.635093,
                                52.017756
                            ],
                            [
                                10.621605,
                                52.010521
                            ],
                            [
                                10.615042,
                                52.008815
                            ],
                            [
                                10.609306,
                                52.008195
                            ],
                            [
                                10.580006,
                                52.010314
                            ],
                            [
                                10.573805,
                                52.008867
                            ],
                            [
                                10.570084,
                                52.0068
                            ],
                            [
                                10.569619,
                                52.00419
                            ],
                            [
                                10.570084,
                                52.002149
                            ],
                            [
                                10.570549,
                                52.001219
                            ],
                            [
                                10.571169,
                                52.00034
                            ],
                            [
                                10.572719,
                                51.998609
                            ],
                            [
                                10.586207,
                                51.987163
                            ],
                            [
                                10.587757,
                                51.985354
                            ],
                            [
                                10.588532,
                                51.983752
                            ],
                            [
                                10.590238,
                                51.976156
                            ],
                            [
                                10.615352,
                                51.968404
                            ],
                            [
                                10.618608,
                                51.966053
                            ],
                            [
                                10.624706,
                                51.960291
                            ],
                            [
                                10.629357,
                                51.958302
                            ],
                            [
                                10.634783,
                                51.957656
                            ],
                            [
                                10.641914,
                                51.958922
                            ],
                            [
                                10.64455,
                                51.958689
                            ],
                            [
                                10.64548,
                                51.957087
                            ],
                            [
                                10.644395,
                                51.954814
                            ],
                            [
                                10.641759,
                                51.953057
                            ],
                            [
                                10.626876,
                                51.948922
                            ],
                            [
                                10.623621,
                                51.947579
                            ],
                            [
                                10.618143,
                                51.943445
                            ],
                            [
                                10.615042,
                                51.934246
                            ],
                            [
                                10.613027,
                                51.924531
                            ],
                            [
                                10.613492,
                                51.923136
                            ],
                            [
                                10.615042,
                                51.920707
                            ],
                            [
                                10.631837,
                                51.913679
                            ],
                            [
                                10.635248,
                                51.91156
                            ],
                            [
                                10.638193,
                                51.906755
                            ],
                            [
                                10.641139,
                                51.891562
                            ],
                            [
                                10.640984,
                                51.886652
                            ],
                            [
                                10.639899,
                                51.883552
                            ],
                            [
                                10.638503,
                                51.88226
                            ],
                            [
                                10.636333,
                                51.880658
                            ],
                            [
                                10.634318,
                                51.878643
                            ],
                            [
                                10.630907,
                                51.873656
                            ],
                            [
                                10.628737,
                                51.871459
                            ],
                            [
                                10.625791,
                                51.869935
                            ],
                            [
                                10.618143,
                                51.867997
                            ],
                            [
                                10.614422,
                                51.866188
                            ],
                            [
                                10.611012,
                                51.863553
                            ],
                            [
                                10.607601,
                                51.85885
                            ],
                            [
                                10.604345,
                                51.856318
                            ],
                            [
                                10.600625,
                                51.854561
                            ],
                            [
                                10.587137,
                                51.850996
                            ],
                            [
                                10.582176,
                                51.84774
                            ],
                            [
                                10.580161,
                                51.844898
                            ],
                            [
                                10.580161,
                                51.830273
                            ],
                            [
                                10.577835,
                                51.80521
                            ],
                            [
                                10.5783,
                                51.800404
                            ],
                            [
                                10.578921,
                                51.799629
                            ],
                            [
                                10.580006,
                                51.796632
                            ],
                            [
                                10.582486,
                                51.784488
                            ],
                            [
                                10.583881,
                                51.780302
                            ],
                            [
                                10.585277,
                                51.777925
                            ],
                            [
                                10.590393,
                                51.775083
                            ],
                            [
                                10.595509,
                                51.771466
                            ],
                            [
                                10.597679,
                                51.76945
                            ],
                            [
                                10.60295,
                                51.765781
                            ],
                            [
                                10.609151,
                                51.762732
                            ],
                            [
                                10.616128,
                                51.760045
                            ],
                            [
                                10.619228,
                                51.758546
                            ],
                            [
                                10.622225,
                                51.755549
                            ],
                            [
                                10.624551,
                                51.751622
                            ],
                            [
                                10.628272,
                                51.741183
                            ],
                            [
                                10.630132,
                                51.738393
                            ],
                            [
                                10.638193,
                                51.731365
                            ],
                            [
                                10.64424,
                                51.721339
                            ],
                            [
                                10.64641,
                                51.719841
                            ],
                            [
                                10.658192,
                                51.713666
                            ],
                            [
                                10.661138,
                                51.711004
                            ],
                            [
                                10.664083,
                                51.707232
                            ],
                            [
                                10.668269,
                                51.698292
                            ],
                            [
                                10.669199,
                                51.692969
                            ],
                            [
                                10.669044,
                                51.66987
                            ],
                            [
                                10.697621,
                                51.637365
                            ],
                            [
                                10.64889,
                                51.619744
                            ],
                            [
                                10.631372,
                                51.607031
                            ],
                            [
                                10.629667,
                                51.603207
                            ],
                            [
                                10.629202,
                                51.600985
                            ],
                            [
                                10.630752,
                                51.599176
                            ],
                            [
                                10.635093,
                                51.595197
                            ],
                            [
                                10.640829,
                                51.588583
                            ],
                            [
                                10.650596,
                                51.581658
                            ],
                            [
                                10.652301,
                                51.580805
                            ],
                            [
                                10.654161,
                                51.578247
                            ],
                            [
                                10.655402,
                                51.574423
                            ],
                            [
                                10.653386,
                                51.565793
                            ],
                            [
                                10.649976,
                                51.562486
                            ],
                            [
                                10.645325,
                                51.561143
                            ],
                            [
                                10.641604,
                                51.56215
                            ],
                            [
                                10.638348,
                                51.563545
                            ],
                            [
                                10.624396,
                                51.573157
                            ],
                            [
                                10.618453,
                                51.573441
                            ],
                            [
                                10.610391,
                                51.572563
                            ],
                            [
                                10.561971,
                                51.557422
                            ],
                            [
                                10.557475,
                                51.556595
                            ],
                            [
                                10.526624,
                                51.555406
                            ],
                            [
                                10.514222,
                                51.556285
                            ],
                            [
                                10.478823,
                                51.574708
                            ],
                            [
                                10.431023,
                                51.590701
                            ],
                            [
                                10.421721,
                                51.591864
                            ],
                            [
                                10.414279,
                                51.589823
                            ],
                            [
                                10.400482,
                                51.587962
                            ],
                            [
                                10.385237,
                                51.587808
                            ],
                            [
                                10.378416,
                                51.586774
                            ],
                            [
                                10.37485,
                                51.58574
                            ],
                            [
                                10.374075,
                                51.584035
                            ],
                            [
                                10.374075,
                                51.582588
                            ],
                            [
                                10.37423,
                                51.581761
                            ],
                            [
                                10.37485,
                                51.580935
                            ],
                            [
                                10.377796,
                                51.578041
                            ],
                            [
                                10.378571,
                                51.576775
                            ],
                            [
                                10.379346,
                                51.574682
                            ],
                            [
                                10.379501,
                                51.571995
                            ],
                            [
                                10.377951,
                                51.56631
                            ],
                            [
                                10.375315,
                                51.560677
                            ],
                            [
                                10.364618,
                                51.542436
                            ],
                            [
                                10.357642,
                                51.536389
                            ],
                            [
                                10.341364,
                                51.528948
                            ],
                            [
                                10.338212,
                                51.525951
                            ],
                            [
                                10.337282,
                                51.522954
                            ],
                            [
                                10.335111,
                                51.521197
                            ],
                            [
                                10.332321,
                                51.519801
                            ],
                            [
                                10.323794,
                                51.517269
                            ],
                            [
                                10.306431,
                                51.510551
                            ],
                            [
                                10.301625,
                                51.507218
                            ],
                            [
                                10.298679,
                                51.504092
                            ],
                            [
                                10.297439,
                                51.49988
                            ],
                            [
                                10.294493,
                                51.493498
                            ],
                            [
                                10.291238,
                                51.491276
                            ],
                            [
                                10.286897,
                                51.490062
                            ],
                            [
                                10.282505,
                                51.489441
                            ],
                            [
                                10.239561,
                                51.472104
                            ],
                            [
                                10.232275,
                                51.470089
                            ],
                            [
                                10.222767,
                                51.470037
                            ],
                            [
                                10.218736,
                                51.470812
                            ],
                            [
                                10.2161,
                                51.472311
                            ],
                            [
                                10.214395,
                                51.474016
                            ],
                            [
                                10.21393,
                                51.475153
                            ],
                            [
                                10.213465,
                                51.477013
                            ],
                            [
                                10.212845,
                                51.478047
                            ],
                            [
                                10.209589,
                                51.479494
                            ],
                            [
                                10.204473,
                                51.480114
                            ],
                            [
                                10.194706,
                                51.47939
                            ],
                            [
                                10.18959,
                                51.477892
                            ],
                            [
                                10.18587,
                                51.47598
                            ],
                            [
                                10.183544,
                                51.474016
                            ],
                            [
                                10.181374,
                                51.471871
                            ],
                            [
                                10.180134,
                                51.469675
                            ],
                            [
                                10.179668,
                                51.467531
                            ],
                            [
                                10.179978,
                                51.466161
                            ],
                            [
                                10.181219,
                                51.464559
                            ],
                            [
                                10.182149,
                                51.462802
                            ],
                            [
                                10.181994,
                                51.461355
                            ],
                            [
                                10.179823,
                                51.458177
                            ],
                            [
                                10.172227,
                                51.449341
                            ],
                            [
                                10.168455,
                                51.446653
                            ],
                            [
                                10.163339,
                                51.444819
                            ],
                            [
                                10.149851,
                                51.442649
                            ],
                            [
                                10.146751,
                                51.440633
                            ],
                            [
                                10.146285,
                                51.438282
                            ],
                            [
                                10.146595,
                                51.437171
                            ],
                            [
                                10.149696,
                                51.431796
                            ],
                            [
                                10.099725,
                                51.433037
                            ],
                            [
                                10.084687,
                                51.431073
                            ],
                            [
                                10.078796,
                                51.42513
                            ],
                            [
                                10.07337,
                                51.420841
                            ],
                            [
                                10.069184,
                                51.420066
                            ],
                            [
                                10.066084,
                                51.420944
                            ],
                            [
                                10.045723,
                                51.432106
                            ],
                            [
                                10.041692,
                                51.432261
                            ],
                            [
                                10.039677,
                                51.430556
                            ],
                            [
                                10.037041,
                                51.427559
                            ],
                            [
                                10.032081,
                                51.4242
                            ],
                            [
                                10.017663,
                                51.419497
                            ],
                            [
                                10.011462,
                                51.416759
                            ],
                            [
                                10.000093,
                                51.408232
                            ],
                            [
                                9.949243,
                                51.381799
                            ],
                            [
                                9.930433,
                                51.371697
                            ],
                            [
                                9.926712,
                                51.36733
                            ],
                            [
                                9.923457,
                                51.360276
                            ],
                            [
                                9.923767,
                                51.356297
                            ],
                            [
                                9.925162,
                                51.3533
                            ],
                            [
                                9.926712,
                                51.351
                            ],
                            [
                                9.927797,
                                51.348339
                            ],
                            [
                                9.928728,
                                51.342293
                            ],
                            [
                                9.929813,
                                51.339657
                            ],
                            [
                                9.931673,
                                51.33759
                            ],
                            [
                                9.937254,
                                51.334231
                            ],
                            [
                                9.940665,
                                51.331492
                            ],
                            [
                                9.942835,
                                51.326583
                            ],
                            [
                                9.945781,
                                51.317436
                            ],
                            [
                                9.944851,
                                51.308031
                            ],
                            [
                                9.947021,
                                51.303949
                            ],
                            [
                                9.949863,
                                51.303019
                            ],
                            [
                                9.953584,
                                51.303794
                            ],
                            [
                                9.958545,
                                51.30276
                            ],
                            [
                                9.964746,
                                51.299918
                            ],
                            [
                                9.972808,
                                51.291547
                            ],
                            [
                                9.978854,
                                51.287955
                            ],
                            [
                                9.98397,
                                51.285785
                            ],
                            [
                                9.988776,
                                51.28563
                            ],
                            [
                                9.999783,
                                51.286327
                            ],
                            [
                                10.002418,
                                51.285965
                            ],
                            [
                                10.025104,
                                51.280023
                            ],
                            [
                                10.040297,
                                51.279093
                            ],
                            [
                                10.049134,
                                51.27656
                            ],
                            [
                                10.052544,
                                51.273873
                            ],
                            [
                                10.053785,
                                51.271005
                            ],
                            [
                                10.048514,
                                51.262892
                            ],
                            [
                                10.048514,
                                51.25775
                            ],
                            [
                                10.050994,
                                51.253978
                            ],
                            [
                                10.05363,
                                51.251704
                            ],
                            [
                                10.069339,
                                51.243642
                            ],
                            [
                                10.07182,
                                51.239431
                            ],
                            [
                                10.07399,
                                51.22783
                            ],
                            [
                                10.077246,
                                51.224884
                            ],
                            [
                                10.081276,
                                51.22323
                            ],
                            [
                                10.085772,
                                51.222869
                            ],
                            [
                                10.089648,
                                51.221938
                            ],
                            [
                                10.096159,
                                51.219303
                            ],
                            [
                                10.100345,
                                51.218114
                            ],
                            [
                                10.105151,
                                51.217494
                            ],
                            [
                                10.111817,
                                51.215582
                            ],
                            [
                                10.117295,
                                51.214704
                            ],
                            [
                                10.127372,
                                51.21398
                            ],
                            [
                                10.133263,
                                51.212947
                            ],
                            [
                                10.1421,
                                51.208606
                            ],
                            [
                                10.148456,
                                51.206952
                            ],
                            [
                                10.153882,
                                51.206332
                            ],
                            [
                                10.163184,
                                51.206849
                            ],
                            [
                                10.172847,
                                51.206074
                            ],
                            [
                                10.186335,
                                51.200958
                            ],
                            [
                                10.197032,
                                51.194705
                            ],
                            [
                                10.217185,
                                51.18747
                            ],
                            [
                                10.23026,
                                51.184318
                            ],
                            [
                                10.231965,
                                51.182509
                            ],
                            [
                                10.232895,
                                51.179874
                            ],
                            [
                                10.232585,
                                51.178582
                            ],
                            [
                                10.229174,
                                51.172897
                            ],
                            [
                                10.214085,
                                51.16127
                            ],
                            [
                                10.208504,
                                51.151142
                            ],
                            [
                                10.207729,
                                51.146853
                            ],
                            [
                                10.207574,
                                51.14091
                            ],
                            [
                                10.202768,
                                51.120213
                            ],
                            [
                                10.198737,
                                51.116338
                            ],
                            [
                                10.196412,
                                51.115873
                            ],
                            [
                                10.194861,
                                51.118017
                            ],
                            [
                                10.193621,
                                51.122358
                            ],
                            [
                                10.191451,
                                51.124012
                            ],
                            [
                                10.18556,
                                51.127009
                            ],
                            [
                                10.185094,
                                51.127836
                            ],
                            [
                                10.184629,
                                51.129334
                            ],
                            [
                                10.18587,
                                51.130884
                            ],
                            [
                                10.186335,
                                51.133055
                            ],
                            [
                                10.185404,
                                51.135122
                            ],
                            [
                                10.177498,
                                51.142202
                            ],
                            [
                                10.173622,
                                51.144837
                            ],
                            [
                                10.166439,
                                51.145406
                            ],
                            [
                                10.156517,
                                51.144966
                            ],
                            [
                                10.134348,
                                51.141065
                            ],
                            [
                                10.127837,
                                51.138274
                            ],
                            [
                                10.125977,
                                51.136104
                            ],
                            [
                                10.129232,
                                51.134657
                            ],
                            [
                                10.132023,
                                51.132952
                            ],
                            [
                                10.134193,
                                51.130833
                            ],
                            [
                                10.135743,
                                51.128507
                            ],
                            [
                                10.136829,
                                51.125924
                            ],
                            [
                                10.138379,
                                51.123598
                            ],
                            [
                                10.140394,
                                51.121583
                            ],
                            [
                                10.143495,
                                51.120136
                            ],
                            [
                                10.147216,
                                51.119309
                            ],
                            [
                                10.165664,
                                51.117268
                            ],
                            [
                                10.169075,
                                51.115485
                            ],
                            [
                                10.168765,
                                51.110731
                            ],
                            [
                                10.165199,
                                51.102514
                            ],
                            [
                                10.152022,
                                51.089182
                            ],
                            [
                                10.147371,
                                51.081172
                            ],
                            [
                                10.14427,
                                51.07417
                            ],
                            [
                                10.141324,
                                51.064067
                            ],
                            [
                                10.141014,
                                51.058693
                            ],
                            [
                                10.14241,
                                51.05523
                            ],
                            [
                                10.14644,
                                51.0543
                            ],
                            [
                                10.155742,
                                51.05368
                            ],
                            [
                                10.159928,
                                51.052982
                            ],
                            [
                                10.163184,
                                51.051613
                            ],
                            [
                                10.168765,
                                51.048306
                            ],
                            [
                                10.172072,
                                51.04691
                            ],
                            [
                                10.175948,
                                51.046135
                            ],
                            [
                                10.18959,
                                51.045877
                            ],
                            [
                                10.193156,
                                51.044843
                            ],
                            [
                                10.195171,
                                51.042905
                            ],
                            [
                                10.198272,
                                51.038125
                            ],
                            [
                                10.205403,
                                51.031717
                            ],
                            [
                                10.207574,
                                51.028824
                            ],
                            [
                                10.209589,
                                51.024483
                            ],
                            [
                                10.208659,
                                51.020865
                            ],
                            [
                                10.194086,
                                50.99929
                            ],
                            [
                                10.191141,
                                50.996629
                            ],
                            [
                                10.187885,
                                50.995699
                            ],
                            [
                                10.165044,
                                50.996422
                            ],
                            [
                                10.14303,
                                50.993839
                            ],
                            [
                                10.137914,
                                50.993994
                            ],
                            [
                                10.133263,
                                50.994562
                            ],
                            [
                                10.129542,
                                50.995596
                            ],
                            [
                                10.124271,
                                50.998076
                            ],
                            [
                                10.122721,
                                50.999316
                            ],
                            [
                                10.122411,
                                51.000143
                            ],
                            [
                                10.122411,
                                51.001177
                            ],
                            [
                                10.123651,
                                51.005698
                            ],
                            [
                                10.123186,
                                51.008024
                            ],
                            [
                                10.121171,
                                51.009031
                            ],
                            [
                                10.11807,
                                51.008799
                            ],
                            [
                                10.107631,
                                51.005983
                            ],
                            [
                                10.104376,
                                51.005853
                            ],
                            [
                                10.093369,
                                51.008515
                            ],
                            [
                                10.063138,
                                51.008644
                            ],
                            [
                                10.051149,
                                51.007016
                            ],
                            [
                                10.026189,
                                50.995725
                            ],
                            [
                                10.023554,
                                50.982108
                            ],
                            [
                                10.026344,
                                50.97601
                            ],
                            [
                                10.02929,
                                50.974305
                            ],
                            [
                                10.033011,
                                50.972574
                            ],
                            [
                                10.037352,
                                50.968465
                            ],
                            [
                                10.043088,
                                50.961644
                            ],
                            [
                                10.046033,
                                50.949035
                            ],
                            [
                                10.044638,
                                50.943867
                            ],
                            [
                                10.041382,
                                50.940922
                            ],
                            [
                                10.025414,
                                50.938028
                            ],
                            [
                                10.013322,
                                50.937046
                            ],
                            [
                                9.978079,
                                50.939423
                            ],
                            [
                                9.974668,
                                50.940043
                            ],
                            [
                                9.972963,
                                50.940974
                            ],
                            [
                                9.971102,
                                50.942317
                            ],
                            [
                                9.967692,
                                50.943247
                            ],
                            [
                                9.962731,
                                50.943118
                            ],
                            [
                                9.955909,
                                50.941852
                            ],
                            [
                                9.953274,
                                50.938958
                            ],
                            [
                                9.951879,
                                50.935909
                            ],
                            [
                                9.951259,
                                50.929734
                            ],
                            [
                                9.952654,
                                50.926504
                            ],
                            [
                                9.955599,
                                50.924799
                            ],
                            [
                                9.95932,
                                50.925057
                            ],
                            [
                                9.962111,
                                50.926478
                            ],
                            [
                                9.967227,
                                50.930122
                            ],
                            [
                                9.969707,
                                50.929088
                            ],
                            [
                                9.971412,
                                50.925677
                            ],
                            [
                                9.970327,
                                50.914205
                            ],
                            [
                                9.971567,
                                50.908986
                            ],
                            [
                                9.974203,
                                50.906144
                            ],
                            [
                                9.977769,
                                50.906454
                            ],
                            [
                                9.980869,
                                50.907642
                            ],
                            [
                                9.983505,
                                50.909399
                            ],
                            [
                                9.98583,
                                50.911415
                            ],
                            [
                                9.98769,
                                50.913792
                            ],
                            [
                                9.989861,
                                50.915807
                            ],
                            [
                                9.992031,
                                50.917564
                            ],
                            [
                                9.994667,
                                50.919063
                            ],
                            [
                                9.997457,
                                50.920122
                            ],
                            [
                                10.000248,
                                50.920768
                            ],
                            [
                                10.002728,
                                50.921078
                            ],
                            [
                                10.006191,
                                50.920975
                            ],
                            [
                                10.008516,
                                50.92051
                            ],
                            [
                                10.011307,
                                50.919631
                            ],
                            [
                                10.021384,
                                50.915265
                            ],
                            [
                                10.032701,
                                50.908753
                            ],
                            [
                                10.035956,
                                50.905653
                            ],
                            [
                                10.039367,
                                50.901493
                            ],
                            [
                                10.044173,
                                50.892501
                            ],
                            [
                                10.047583,
                                50.88878
                            ],
                            [
                                10.055955,
                                50.882631
                            ],
                            [
                                10.02898,
                                50.862374
                            ],
                            [
                                10.026034,
                                50.858756
                            ],
                            [
                                10.023244,
                                50.854364
                            ],
                            [
                                10.02681,
                                50.846819
                            ],
                            [
                                10.026034,
                                50.837026
                            ],
                            [
                                10.023089,
                                50.833306
                            ],
                            [
                                10.018748,
                                50.831678
                            ],
                            [
                                10.013477,
                                50.831549
                            ],
                            [
                                10.007121,
                                50.830644
                            ],
                            [
                                9.998232,
                                50.827337
                            ],
                            [
                                9.992496,
                                50.825839
                            ],
                            [
                                9.972498,
                                50.824288
                            ],
                            [
                                9.95777,
                                50.820309
                            ],
                            [
                                9.951879,
                                50.817544
                            ],
                            [
                                9.949398,
                                50.815193
                            ],
                            [
                                9.949863,
                                50.812713
                            ],
                            [
                                9.949708,
                                50.809948
                            ],
                            [
                                9.944386,
                                50.802739
                            ],
                            [
                                9.94268,
                                50.799587
                            ],
                            [
                                9.942215,
                                50.796435
                            ],
                            [
                                9.94206,
                                50.793179
                            ],
                            [
                                9.942835,
                                50.790337
                            ],
                            [
                                9.945006,
                                50.78473
                            ],
                            [
                                9.945781,
                                50.781242
                            ],
                            [
                                9.946246,
                                50.776591
                            ],
                            [
                                9.944851,
                                50.774472
                            ],
                            [
                                9.94268,
                                50.774472
                            ],
                            [
                                9.940975,
                                50.775893
                            ],
                            [
                                9.938805,
                                50.776436
                            ],
                            [
                                9.935549,
                                50.775919
                            ],
                            [
                                9.931053,
                                50.774317
                            ],
                            [
                                9.926092,
                                50.773232
                            ],
                            [
                                9.920666,
                                50.763775
                            ],
                            [
                                9.932138,
                                50.755636
                            ],
                            [
                                9.935549,
                                50.750985
                            ],
                            [
                                9.936014,
                                50.748789
                            ],
                            [
                                9.936014,
                                50.742562
                            ],
                            [
                                9.934774,
                                50.736697
                            ],
                            [
                                9.933379,
                                50.732821
                            ],
                            [
                                9.930123,
                                50.727188
                            ],
                            [
                                9.91648,
                                50.711427
                            ],
                            [
                                9.912605,
                                50.704554
                            ],
                            [
                                9.91214,
                                50.699929
                            ],
                            [
                                9.914,
                                50.695252
                            ],
                            [
                                9.913225,
                                50.692668
                            ],
                            [
                                9.906713,
                                50.686777
                            ],
                            [
                                9.904078,
                                50.684969
                            ],
                            [
                                9.900977,
                                50.683573
                            ],
                            [
                                9.897412,
                                50.682488
                            ],
                            [
                                9.893071,
                                50.679878
                            ],
                            [
                                9.888213,
                                50.675925
                            ],
                            [
                                9.881237,
                                50.667114
                            ],
                            [
                                9.879067,
                                50.662102
                            ],
                            [
                                9.878136,
                                50.657012
                            ],
                            [
                                9.878446,
                                50.652051
                            ],
                            [
                                9.877671,
                                50.643602
                            ]
                        ],
                        [
                            [
                                13.091635,
                                52.41525
                            ],
                            [
                                13.0921,
                                52.416749
                            ],
                            [
                                13.093651,
                                52.418713
                            ],
                            [
                                13.103108,
                                52.425844
                            ],
                            [
                                13.104193,
                                52.426826
                            ],
                            [
                                13.105433,
                                52.428325
                            ],
                            [
                                13.105278,
                                52.429901
                            ],
                            [
                                13.105743,
                                52.432278
                            ],
                            [
                                13.107448,
                                52.434526
                            ],
                            [
                                13.109774,
                                52.436541
                            ],
                            [
                                13.112409,
                                52.438298
                            ],
                            [
                                13.11675,
                                52.440469
                            ],
                            [
                                13.116905,
                                52.441502
                            ],
                            [
                                13.111789,
                                52.447367
                            ],
                            [
                                13.110549,
                                52.449874
                            ],
                            [
                                13.109154,
                                52.455403
                            ],
                            [
                                13.109154,
                                52.458581
                            ],
                            [
                                13.110549,
                                52.465015
                            ],
                            [
                                13.112874,
                                52.471113
                            ],
                            [
                                13.114425,
                                52.4738
                            ],
                            [
                                13.116595,
                                52.47597
                            ],
                            [
                                13.119541,
                                52.477702
                            ],
                            [
                                13.126517,
                                52.480001
                            ],
                            [
                                13.129618,
                                52.481603
                            ],
                            [
                                13.156799,
                                52.501033
                            ],
                            [
                                13.156489,
                                52.504186
                            ],
                            [
                                13.156644,
                                52.50695
                            ],
                            [
                                13.140935,
                                52.524288
                            ],
                            [
                                13.143312,
                                52.551935
                            ],
                            [
                                13.147808,
                                52.566533
                            ],
                            [
                                13.148428,
                                52.575706
                            ],
                            [
                                13.147446,
                                52.580977
                            ],
                            [
                                13.144862,
                                52.585163
                            ],
                            [
                                13.145482,
                                52.588005
                            ],
                            [
                                13.146826,
                                52.590511
                            ],
                            [
                                13.148893,
                                52.592862
                            ],
                            [
                                13.152303,
                                52.597927
                            ],
                            [
                                13.154784,
                                52.599555
                            ],
                            [
                                13.157419,
                                52.600304
                            ],
                            [
                                13.164861,
                                52.598185
                            ],
                            [
                                13.207546,
                                52.586765
                            ],
                            [
                                13.216847,
                                52.587436
                            ],
                            [
                                13.216847,
                                52.589452
                            ],
                            [
                                13.216072,
                                52.591441
                            ],
                            [
                                13.214987,
                                52.593017
                            ],
                            [
                                13.211886,
                                52.596221
                            ],
                            [
                                13.210336,
                                52.598392
                            ],
                            [
                                13.209251,
                                52.600872
                            ],
                            [
                                13.209251,
                                52.603818
                            ],
                            [
                                13.210026,
                                52.606763
                            ],
                            [
                                13.211266,
                                52.609606
                            ],
                            [
                                13.220723,
                                52.625987
                            ],
                            [
                                13.223514,
                                52.627253
                            ],
                            [
                                13.252659,
                                52.629889
                            ],
                            [
                                13.261547,
                                52.633067
                            ],
                            [
                                13.272555,
                                52.639165
                            ],
                            [
                                13.27674,
                                52.643919
                            ],
                            [
                                13.279996,
                                52.648414
                            ],
                            [
                                13.282476,
                                52.65397
                            ],
                            [
                                13.285887,
                                52.656063
                            ],
                            [
                                13.289143,
                                52.657122
                            ],
                            [
                                13.300305,
                                52.656941
                            ],
                            [
                                13.302785,
                                52.656192
                            ],
                            [
                                13.301855,
                                52.654797
                            ],
                            [
                                13.300305,
                                52.653221
                            ],
                            [
                                13.299685,
                                52.651308
                            ],
                            [
                                13.30263,
                                52.647148
                            ],
                            [
                                13.303715,
                                52.644539
                            ],
                            [
                                13.303095,
                                52.635289
                            ],
                            [
                                13.304491,
                                52.633067
                            ],
                            [
                                13.306971,
                                52.631155
                            ],
                            [
                                13.310227,
                                52.629656
                            ],
                            [
                                13.326556,
                                52.625212
                            ],
                            [
                                13.364229,
                                52.62361
                            ],
                            [
                                13.373368,
                                52.61838
                            ],
                            [
                                13.375995,
                                52.609003
                            ],
                            [
                                13.368689,
                                52.60072
                            ],
                            [
                                13.358004,
                                52.593103
                            ],
                            [
                                13.345309,
                                52.589773
                            ],
                            [
                                13.352857,
                                52.580709
                            ],
                            [
                                13.358981,
                                52.573351
                            ],
                            [
                                13.364792,
                                52.573351
                            ],
                            [
                                13.370021,
                                52.564169
                            ],
                            [
                                13.365373,
                                52.561343
                            ],
                            [
                                13.365613,
                                52.557268
                            ],
                            [
                                13.367252,
                                52.55122
                            ],
                            [
                                13.37877,
                                52.544381
                            ],
                            [
                                13.375789,
                                52.542156
                            ],
                            [
                                13.369923,
                                52.541762
                            ],
                            [
                                13.368713,
                                52.541102
                            ],
                            [
                                13.360282,
                                52.537324
                            ],
                            [
                                13.369904,
                                52.528963
                            ],
                            [
                                13.368055,
                                52.528089
                            ],
                            [
                                13.367436,
                                52.524332
                            ],
                            [
                                13.372229,
                                52.520763
                            ],
                            [
                                13.370695,
                                52.515404
                            ],
                            [
                                13.373404,
                                52.504271
                            ],
                            [
                                13.380179,
                                52.49891
                            ],
                            [
                                13.38646,
                                52.499006
                            ],
                            [
                                13.389687,
                                52.498376
                            ],
                            [
                                13.395866,
                                52.498385
                            ],
                            [
                                13.400338,
                                52.499411
                            ],
                            [
                                13.403461,
                                52.503647
                            ],
                            [
                                13.405365,
                                52.505341
                            ],
                            [
                                13.410915,
                                52.503612
                            ],
                            [
                                13.414057,
                                52.507782
                            ],
                            [
                                13.422685,
                                52.505097
                            ],
                            [
                                13.430798,
                                52.508567
                            ],
                            [
                                13.442623,
                                52.501411
                            ],
                            [
                                13.448523,
                                52.497499
                            ],
                            [
                                13.426684,
                                52.481835
                            ],
                            [
                                13.441064,
                                52.473604
                            ],
                            [
                                13.447689,
                                52.478281
                            ],
                            [
                                13.457492,
                                52.472924
                            ],
                            [
                                13.462402,
                                52.475466
                            ],
                            [
                                13.479016,
                                52.464458
                            ],
                            [
                                13.47738,
                                52.461862
                            ],
                            [
                                13.48638,
                                52.459288
                            ],
                            [
                                13.45756,
                                52.45956
                            ],
                            [
                                13.461843,
                                52.453749
                            ],
                            [
                                13.464509,
                                52.449817
                            ],
                            [
                                13.466974,
                                52.448148
                            ],
                            [
                                13.484819,
                                52.440155
                            ],
                            [
                                13.498835,
                                52.432851
                            ],
                            [
                                13.509912,
                                52.428716
                            ],
                            [
                                13.517824,
                                52.427889
                            ],
                            [
                                13.520989,
                                52.426097
                            ],
                            [
                                13.520869,
                                52.424731
                            ],
                            [
                                13.52212,
                                52.423477
                            ],
                            [
                                13.522007,
                                52.419608
                            ],
                            [
                                13.523673,
                                52.41531
                            ],
                            [
                                13.523801,
                                52.41231
                            ],
                            [
                                13.521084,
                                52.404908
                            ],
                            [
                                13.528095,
                                52.404915
                            ],
                            [
                                13.519723,
                                52.404864
                            ],
                            [
                                13.514452,
                                52.403675
                            ],
                            [
                                13.511971,
                                52.40166
                            ],
                            [
                                13.509181,
                                52.399903
                            ],
                            [
                                13.50608,
                                52.398792
                            ],
                            [
                                13.503135,
                                52.398146
                            ],
                            [
                                13.494918,
                                52.397939
                            ],
                            [
                                13.484376,
                                52.398662
                            ],
                            [
                                13.479519,
                                52.400471
                            ],
                            [
                                13.475798,
                                52.403649
                            ],
                            [
                                13.473317,
                                52.407525
                            ],
                            [
                                13.468047,
                                52.4137
                            ],
                            [
                                13.463086,
                                52.415896
                            ],
                            [
                                13.458125,
                                52.416749
                            ],
                            [
                                13.448978,
                                52.415896
                            ],
                            [
                                13.43363,
                                52.412305
                            ],
                            [
                                13.430064,
                                52.411091
                            ],
                            [
                                13.427119,
                                52.409463
                            ],
                            [
                                13.424948,
                                52.407344
                            ],
                            [
                                13.424018,
                                52.40445
                            ],
                            [
                                13.424122,
                                52.401608
                            ],
                            [
                                13.424742,
                                52.398869
                            ],
                            [
                                13.426912,
                                52.393702
                            ],
                            [
                                13.427532,
                                52.390704
                            ],
                            [
                                13.427532,
                                52.38812
                            ],
                            [
                                13.425672,
                                52.381092
                            ],
                            [
                                13.394046,
                                52.381222
                            ],
                            [
                                13.375752,
                                52.38657
                            ],
                            [
                                13.371515,
                                52.389516
                            ],
                            [
                                13.36552,
                                52.395459
                            ],
                            [
                                13.354617,
                                52.401918
                            ],
                            [
                                13.349346,
                                52.405897
                            ],
                            [
                                13.34578,
                                52.407396
                            ],
                            [
                                13.336633,
                                52.405949
                            ],
                            [
                                13.312707,
                                52.400497
                            ],
                            [
                                13.309193,
                                52.401091
                            ],
                            [
                                13.304801,
                                52.40228
                            ],
                            [
                                13.29922,
                                52.41029
                            ],
                            [
                                13.295964,
                                52.41401
                            ],
                            [
                                13.294259,
                                52.415096
                            ],
                            [
                                13.292398,
                                52.414837
                            ],
                            [
                                13.291158,
                                52.414114
                            ],
                            [
                                13.285732,
                                52.412021
                            ],
                            [
                                13.25824,
                                52.405509
                            ],
                            [
                                13.252194,
                                52.40476
                            ],
                            [
                                13.248163,
                                52.40507
                            ],
                            [
                                13.239637,
                                52.411065
                            ],
                            [
                                13.226769,
                                52.415922
                            ],
                            [
                                13.219638,
                                52.417111
                            ],
                            [
                                13.214057,
                                52.417059
                            ],
                            [
                                13.172612,
                                52.405174
                            ],
                            [
                                13.169512,
                                52.403675
                            ],
                            [
                                13.166566,
                                52.401556
                            ],
                            [
                                13.163311,
                                52.398146
                            ],
                            [
                                13.15928,
                                52.397112
                            ],
                            [
                                13.156489,
                                52.396854
                            ],
                            [
                                13.121711,
                                52.401143
                            ],
                            [
                                13.11799,
                                52.402021
                            ],
                            [
                                13.111944,
                                52.403985
                            ],
                            [
                                13.094891,
                                52.411995
                            ],
                            [
                                13.092721,
                                52.413261
                            ],
                            [
                                13.0921,
                                52.4137
                            ],
                            [
                                13.09179,
                                52.414217
                            ],
                            [
                                13.091635,
                                52.41525
                            ]
                        ]
                    ],
                    [
                        [
                            [
                                11.375662,
                                53.981838
                            ],
                            [
                                11.390961,
                                53.973944
                            ],
                            [
                                11.407074,
                                53.968207
                            ],
                            [
                                11.423106,
                                53.967719
                            ],
                            [
                                11.437755,
                                53.975002
                            ],
                            [
                                11.433279,
                                53.988756
                            ],
                            [
                                11.438731,
                                53.99726
                            ],
                            [
                                11.447032,
                                53.997138
                            ],
                            [
                                11.451427,
                                53.985541
                            ],
                            [
                                11.444509,
                                53.968085
                            ],
                            [
                                11.445323,
                                53.961127
                            ],
                            [
                                11.457693,
                                53.961371
                            ],
                            [
                                11.468272,
                                53.970689
                            ],
                            [
                                11.497895,
                                54.022773
                            ],
                            [
                                11.468028,
                                54.030951
                            ],
                            [
                                11.426606,
                                54.022935
                            ],
                            [
                                11.390391,
                                54.004584
                            ],
                            [
                                11.375662,
                                53.981838
                            ]
                        ]
                    ],
                    [
                        [
                            [
                                11.528494,
                                54.0751
                            ],
                            [
                                11.533946,
                                54.056952
                            ],
                            [
                                11.539561,
                                54.056952
                            ],
                            [
                                11.552745,
                                54.073066
                            ],
                            [
                                11.598969,
                                54.098049
                            ],
                            [
                                11.615896,
                                54.112128
                            ],
                            [
                                11.601899,
                                54.104153
                            ],
                            [
                                11.533946,
                                54.084866
                            ],
                            [
                                11.528575,
                                54.07746
                            ],
                            [
                                11.528494,
                                54.0751
                            ]
                        ]
                    ],
                    [
                        [
                            [
                                13.061371,
                                54.482123
                            ],
                            [
                                13.061371,
                                54.468451
                            ],
                            [
                                13.068207,
                                54.468451
                            ],
                            [
                                13.069591,
                                54.489651
                            ],
                            [
                                13.071462,
                                54.499661
                            ],
                            [
                                13.075043,
                                54.509426
                            ],
                            [
                                13.081065,
                                54.517157
                            ],
                            [
                                13.095225,
                                54.524359
                            ],
                            [
                                13.10255,
                                54.529934
                            ],
                            [
                                13.112153,
                                54.550686
                            ],
                            [
                                13.113129,
                                54.570054
                            ],
                            [
                                13.118907,
                                54.586412
                            ],
                            [
                                13.143403,
                                54.598131
                            ],
                            [
                                13.143403,
                                54.577704
                            ],
                            [
                                13.149669,
                                54.577704
                            ],
                            [
                                13.149669,
                                54.591376
                            ],
                            [
                                13.153656,
                                54.591132
                            ],
                            [
                                13.156505,
                                54.589057
                            ],
                            [
                                13.157074,
                                54.587958
                            ],
                            [
                                13.157237,
                                54.599066
                            ],
                            [
                                13.151052,
                                54.604926
                            ],
                            [
                                13.139822,
                                54.606024
                            ],
                            [
                                13.125987,
                                54.605617
                            ],
                            [
                                13.10963,
                                54.603095
                            ],
                            [
                                13.102306,
                                54.596096
                            ],
                            [
                                13.095551,
                                54.570787
                            ],
                            [
                                13.06422,
                                54.505113
                            ],
                            [
                                13.061371,
                                54.482123
                            ]
                        ]
                    ],
                    [
                        [
                            [
                                13.115489,
                                54.33808
                            ],
                            [
                                13.177501,
                                54.310208
                            ],
                            [
                                13.177501,
                                54.303941
                            ],
                            [
                                13.162283,
                                54.307685
                            ],
                            [
                                13.148936,
                                54.304755
                            ],
                            [
                                13.142833,
                                54.298
                            ],
                            [
                                13.149669,
                                54.290269
                            ],
                            [
                                13.159679,
                                54.290961
                            ],
                            [
                                13.190278,
                                54.29975
                            ],
                            [
                                13.204845,
                                54.297187
                            ],
                            [
                                13.199229,
                                54.28441
                            ],
                            [
                                13.210134,
                                54.275824
                            ],
                            [
                                13.227794,
                                54.270819
                            ],
                            [
                                13.242442,
                                54.269192
                            ],
                            [
                                13.24879,
                                54.266262
                            ],
                            [
                                13.257986,
                                54.260443
                            ],
                            [
                                13.267914,
                                54.256497
                            ],
                            [
                                13.276866,
                                54.259263
                            ],
                            [
                                13.28419,
                                54.262844
                            ],
                            [
                                13.294688,
                                54.264106
                            ],
                            [
                                13.314708,
                                54.263007
                            ],
                            [
                                13.31186,
                                54.266425
                            ],
                            [
                                13.307872,
                                54.269192
                            ],
                            [
                                13.313975,
                                54.2744
                            ],
                            [
                                13.320567,
                                54.278388
                            ],
                            [
                                13.335216,
                                54.283515
                            ],
                            [
                                13.32488,
                                54.268215
                            ],
                            [
                                13.319509,
                                54.256415
                            ],
                            [
                                13.311534,
                                54.251126
                            ],
                            [
                                13.347016,
                                54.237453
                            ],
                            [
                                13.378673,
                                54.230862
                            ],
                            [
                                13.407237,
                                54.228217
                            ],
                            [
                                13.423025,
                                54.232734
                            ],
                            [
                                13.425059,
                                54.243232
                            ],
                            [
                                13.417735,
                                54.266059
                            ],
                            [
                                13.410899,
                                54.26789
                            ],
                            [
                                13.363129,
                                54.263007
                            ],
                            [
                                13.364757,
                                54.26203
                            ],
                            [
                                13.367524,
                                54.261949
                            ],
                            [
                                13.36964,
                                54.260647
                            ],
                            [
                                13.369395,
                                54.255561
                            ],
                            [
                                13.355724,
                                54.248725
                            ],
                            [
                                13.35963,
                                54.275458
                            ],
                            [
                                13.381602,
                                54.282213
                            ],
                            [
                                13.406098,
                                54.285224
                            ],
                            [
                                13.417735,
                                54.300523
                            ],
                            [
                                13.428884,
                                54.31094
                            ],
                            [
                                13.481781,
                                54.338284
                            ],
                            [
                                13.499685,
                                54.344916
                            ],
                            [
                                13.599294,
                                54.351752
                            ],
                            [
                                13.610606,
                                54.347968
                            ],
                            [
                                13.618337,
                                54.341376
                            ],
                            [
                                13.626801,
                                54.339097
                            ],
                            [
                                13.64031,
                                54.348334
                            ],
                            [
                                13.650076,
                                54.352444
                            ],
                            [
                                13.664073,
                                54.353257
                            ],
                            [
                                13.690929,
                                54.351752
                            ],
                            [
                                13.690929,
                                54.344916
                            ],
                            [
                                13.67213,
                                54.340318
                            ],
                            [
                                13.616954,
                                54.317613
                            ],
                            [
                                13.636729,
                                54.325507
                            ],
                            [
                                13.659923,
                                54.329779
                            ],
                            [
                                13.711925,
                                54.331855
                            ],
                            [
                                13.703624,
                                54.320461
                            ],
                            [
                                13.688243,
                                54.3133
                            ],
                            [
                                13.651134,
                                54.303941
                            ],
                            [
                                13.651134,
                                54.297187
                            ],
                            [
                                13.663341,
                                54.293891
                            ],
                            [
                                13.679454,
                                54.294013
                            ],
                            [
                                13.694835,
                                54.297431
                            ],
                            [
                                13.705089,
                                54.303941
                            ],
                            [
                                13.711925,
                                54.303941
                            ],
                            [
                                13.715994,
                                54.29328
                            ],
                            [
                                13.711925,
                                54.286566
                            ],
                            [
                                13.702647,
                                54.283515
                            ],
                            [
                                13.690929,
                                54.283515
                            ],
                            [
                                13.712738,
                                54.278998
                            ],
                            [
                                13.723155,
                                54.278388
                            ],
                            [
                                13.726248,
                                54.284654
                            ],
                            [
                                13.726248,
                                54.300523
                            ],
                            [
                                13.730154,
                                54.31684
                            ],
                            [
                                13.740082,
                                54.32982
                            ],
                            [
                                13.753103,
                                54.339301
                            ],
                            [
                                13.766449,
                                54.344916
                            ],
                            [
                                13.741954,
                                54.350491
                            ],
                            [
                                13.724864,
                                54.363593
                            ],
                            [
                                13.698253,
                                54.392076
                            ],
                            [
                                13.677419,
                                54.400824
                            ],
                            [
                                13.630056,
                                54.407538
                            ],
                            [
                                13.609548,
                                54.413805
                            ],
                            [
                                13.599132,
                                54.422675
                            ],
                            [
                                13.587901,
                                54.437567
                            ],
                            [
                                13.579112,
                                54.455064
                            ],
                            [
                                13.57545,
                                54.471869
                            ],
                            [
                                13.584809,
                                54.486518
                            ],
                            [
                                13.606781,
                                54.498969
                            ],
                            [
                                13.651134,
                                54.516262
                            ],
                            [
                                13.677257,
                                54.540473
                            ],
                            [
                                13.670665,
                                54.56623
                            ],
                            [
                                13.640473,
                                54.585679
                            ],
                            [
                                13.595958,
                                54.591376
                            ],
                            [
                                13.466319,
                                54.57689
                            ],
                            [
                                13.424571,
                                54.58515
                            ],
                            [
                                13.407725,
                                54.593411
                            ],
                            [
                                13.394542,
                                54.604437
                            ],
                            [
                                13.385997,
                                54.618638
                            ],
                            [
                                13.382986,
                                54.636379
                            ],
                            [
                                13.39088,
                                54.650539
                            ],
                            [
                                13.409028,
                                54.659817
                            ],
                            [
                                13.429698,
                                54.666734
                            ],
                            [
                                13.445079,
                                54.673896
                            ],
                            [
                                13.445079,
                                54.68008
                            ],
                            [
                                13.418712,
                                54.688422
                            ],
                            [
                                13.390798,
                                54.688178
                            ],
                            [
                                13.253591,
                                54.665025
                            ],
                            [
                                13.241547,
                                54.65998
                            ],
                            [
                                13.230968,
                                54.653306
                            ],
                            [
                                13.225352,
                                54.646552
                            ],
                            [
                                13.224783,
                                54.634955
                            ],
                            [
                                13.231212,
                                54.633856
                            ],
                            [
                                13.24586,
                                54.639797
                            ],
                            [
                                13.290538,
                                54.646552
                            ],
                            [
                                13.293468,
                                54.642279
                            ],
                            [
                                13.29127,
                                54.632961
                            ],
                            [
                                13.286957,
                                54.623521
                            ],
                            [
                                13.283946,
                                54.619289
                            ],
                            [
                                13.269867,
                                54.611802
                            ],
                            [
                                13.256847,
                                54.594916
                            ],
                            [
                                13.249766,
                                54.576484
                            ],
                            [
                                13.253266,
                                54.564643
                            ],
                            [
                                13.273285,
                                54.56094
                            ],
                            [
                                13.291352,
                                54.568793
                            ],
                            [
                                13.30836,
                                54.579576
                            ],
                            [
                                13.331798,
                                54.587836
                            ],
                            [
                                13.347911,
                                54.600816
                            ],
                            [
                                13.355723,
                                54.605617
                            ],
                            [
                                13.369151,
                                54.612128
                            ],
                            [
                                13.371349,
                                54.6081
                            ],
                            [
                                13.382986,
                                54.598131
                            ],
                            [
                                13.389659,
                                54.59105
                            ],
                            [
                                13.393077,
                                54.58454
                            ],
                            [
                                13.399262,
                                54.579576
                            ],
                            [
                                13.414317,
                                54.577704
                            ],
                            [
                                13.423839,
                                54.57453
                            ],
                            [
                                13.430675,
                                54.56745
                            ],
                            [
                                13.436046,
                                54.56037
                            ],
                            [
                                13.441417,
                                54.557197
                            ],
                            [
                                13.475759,
                                54.556098
                            ],
                            [
                                13.486583,
                                54.557197
                            ],
                            [
                                13.493907,
                                54.560737
                            ],
                            [
                                13.500255,
                                54.566067
                            ],
                            [
                                13.508311,
                                54.57038
                            ],
                            [
                                13.520763,
                                54.570787
                            ],
                            [
                                13.520763,
                                54.564643
                            ],
                            [
                                13.512869,
                                54.563544
                            ],
                            [
                                13.5088,
                                54.561835
                            ],
                            [
                                13.505544,
                                54.559719
                            ],
                            [
                                13.499685,
                                54.557197
                            ],
                            [
                                13.499685,
                                54.55036
                            ],
                            [
                                13.507498,
                                54.544664
                            ],
                            [
                                13.51295,
                                54.537543
                            ],
                            [
                                13.520763,
                                54.523668
                            ],
                            [
                                13.520763,
                                54.516262
                            ],
                            [
                                13.514171,
                                54.513129
                            ],
                            [
                                13.509288,
                                54.508979
                            ],
                            [
                                13.499685,
                                54.495754
                            ],
                            [
                                13.507091,
                                54.488267
                            ],
                            [
                                13.455577,
                                54.487494
                            ],
                            [
                                13.430675,
                                54.492743
                            ],
                            [
                                13.410899,
                                54.509426
                            ],
                            [
                                13.417328,
                                54.524563
                            ],
                            [
                                13.405528,
                                54.538235
                            ],
                            [
                                13.387869,
                                54.551256
                            ],
                            [
                                13.37672,
                                54.564643
                            ],
                            [
                                13.363129,
                                54.557197
                            ],
                            [
                                13.363129,
                                54.55036
                            ],
                            [
                                13.371837,
                                54.548895
                            ],
                            [
                                13.381358,
                                54.544379
                            ],
                            [
                                13.389822,
                                54.542914
                            ],
                            [
                                13.3838,
                                54.531887
                            ],
                            [
                                13.374848,
                                54.52558
                            ],
                            [
                                13.363292,
                                54.523139
                            ],
                            [
                                13.348888,
                                54.523668
                            ],
                            [
                                13.358084,
                                54.538154
                            ],
                            [
                                13.363129,
                                54.542914
                            ],
                            [
                                13.358653,
                                54.547553
                            ],
                            [
                                13.353852,
                                54.549872
                            ],
                            [
                                13.348399,
                                54.550482
                            ],
                            [
                                13.342052,
                                54.55036
                            ],
                            [
                                13.350759,
                                54.555976
                            ],
                            [
                                13.358246,
                                54.564765
                            ],
                            [
                                13.369395,
                                54.58515
                            ],
                            [
                                13.35255,
                                54.581448
                            ],
                            [
                                13.333669,
                                54.573065
                            ],
                            [
                                13.31544,
                                54.561957
                            ],
                            [
                                13.301036,
                                54.55036
                            ],
                            [
                                13.309255,
                                54.534817
                            ],
                            [
                                13.305512,
                                54.523424
                            ],
                            [
                                13.297862,
                                54.51968
                            ],
                            [
                                13.29363,
                                54.526801
                            ],
                            [
                                13.288259,
                                54.539944
                            ],
                            [
                                13.276541,
                                54.545071
                            ],
                            [
                                13.264903,
                                54.547797
                            ],
                            [
                                13.259532,
                                54.553778
                            ],
                            [
                                13.242931,
                                54.555976
                            ],
                            [
                                13.166352,
                                54.549384
                            ],
                            [
                                13.143403,
                                54.542914
                            ],
                            [
                                13.152354,
                                54.542955
                            ],
                            [
                                13.158865,
                                54.540676
                            ],
                            [
                                13.162608,
                                54.535468
                            ],
                            [
                                13.163829,
                                54.526801
                            ],
                            [
                                13.166026,
                                54.519111
                            ],
                            [
                                13.170665,
                                54.516791
                            ],
                            [
                                13.175304,
                                54.516018
                            ],
                            [
                                13.177501,
                                54.512844
                            ],
                            [
                                13.185395,
                                54.508287
                            ],
                            [
                                13.203298,
                                54.509467
                            ],
                            [
                                13.232758,
                                54.516262
                            ],
                            [
                                13.233653,
                                54.509223
                            ],
                            [
                                13.231944,
                                54.506008
                            ],
                            [
                                13.22877,
                                54.504299
                            ],
                            [
                                13.225352,
                                54.501939
                            ],
                            [
                                13.233246,
                                54.493069
                            ],
                            [
                                13.245372,
                                54.488349
                            ],
                            [
                                13.273123,
                                54.482123
                            ],
                            [
                                13.266856,
                                54.477484
                            ],
                            [
                                13.260753,
                                54.475491
                            ],
                            [
                                13.259532,
                                54.475287
                            ],
                            [
                                13.259532,
                                54.468451
                            ],
                            [
                                13.239024,
                                54.466254
                            ],
                            [
                                13.208832,
                                54.456936
                            ],
                            [
                                13.181814,
                                54.45303
                            ],
                            [
                                13.174327,
                                54.447659
                            ],
                            [
                                13.156993,
                                54.426825
                            ],
                            [
                                13.201427,
                                54.433661
                            ],
                            [
                                13.211599,
                                54.431098
                            ],
                            [
                                13.217947,
                                54.425686
                            ],
                            [
                                13.225352,
                                54.420844
                            ],
                            [
                                13.239024,
                                54.420071
                            ],
                            [
                                13.239024,
                                54.413805
                            ],
                            [
                                13.234386,
                                54.403388
                            ],
                            [
                                13.239268,
                                54.393622
                            ],
                            [
                                13.25115,
                                54.386908
                            ],
                            [
                                13.266856,
                                54.385891
                            ],
                            [
                                13.237153,
                                54.373969
                            ],
                            [
                                13.223318,
                                54.372504
                            ],
                            [
                                13.211681,
                                54.379096
                            ],
                            [
                                13.204845,
                                54.37226
                            ],
                            [
                                13.174327,
                                54.383979
                            ],
                            [
                                13.148936,
                                54.377265
                            ],
                            [
                                13.129242,
                                54.359564
                            ],
                            [
                                13.115489,
                                54.33808
                            ]
                        ]
                    ],
                    [
                        [
                            [
                                13.75294,
                                54.153144
                            ],
                            [
                                13.76531,
                                54.141913
                            ],
                            [
                                13.806163,
                                54.116645
                            ],
                            [
                                13.814952,
                                54.101264
                            ],
                            [
                                13.809255,
                                54.0751
                            ],
                            [
                                13.782074,
                                54.042141
                            ],
                            [
                                13.774099,
                                54.022773
                            ],
                            [
                                13.7942,
                                54.018134
                            ],
                            [
                                13.808279,
                                54.026313
                            ],
                            [
                                13.823009,
                                54.037909
                            ],
                            [
                                13.854991,
                                54.046332
                            ],
                            [
                                13.863617,
                                54.049994
                            ],
                            [
                                13.871104,
                                54.048651
                            ],
                            [
                                13.876313,
                                54.036444
                            ],
                            [
                                13.873546,
                                54.029975
                            ],
                            [
                                13.865571,
                                54.024075
                            ],
                            [
                                13.858084,
                                54.015774
                            ],
                            [
                                13.855968,
                                54.002346
                            ],
                            [
                                13.89088,
                                54.010159
                            ],
                            [
                                13.896983,
                                54.012275
                            ],
                            [
                                13.899913,
                                54.019721
                            ],
                            [
                                13.907237,
                                54.027493
                            ],
                            [
                                13.91627,
                                54.033637
                            ],
                            [
                                13.924815,
                                54.036444
                            ],
                            [
                                13.924815,
                                54.043891
                            ],
                            [
                                13.915863,
                                54.056382
                            ],
                            [
                                13.926117,
                                54.064032
                            ],
                            [
                                13.946056,
                                54.066596
                            ],
                            [
                                13.965831,
                                54.063788
                            ],
                            [
                                13.9817,
                                54.056342
                            ],
                            [
                                13.995291,
                                54.045722
                            ],
                            [
                                14.006195,
                                54.032294
                            ],
                            [
                                14.014334,
                                54.016018
                            ],
                            [
                                14.037446,
                                54.021715
                            ],
                            [
                                14.05128,
                                54.005072
                            ],
                            [
                                14.053071,
                                53.97842
                            ],
                            [
                                14.040294,
                                53.953843
                            ],
                            [
                                14.04835,
                                53.940863
                            ],
                            [
                                14.014334,
                                53.947089
                            ],
                            [
                                14.01588,
                                53.952704
                            ],
                            [
                                14.018565,
                                53.956366
                            ],
                            [
                                14.022634,
                                53.95897
                            ],
                            [
                                14.027843,
                                53.961371
                            ],
                            [
                                13.987478,
                                53.961412
                            ],
                            [
                                13.97462,
                                53.957343
                            ],
                            [
                                13.958995,
                                53.940863
                            ],
                            [
                                13.960297,
                                53.956733
                            ],
                            [
                                13.968272,
                                53.976264
                            ],
                            [
                                13.965831,
                                53.981838
                            ],
                            [
                                13.972667,
                                53.989244
                            ],
                            [
                                13.954845,
                                53.993598
                            ],
                            [
                                13.90447,
                                53.995429
                            ],
                            [
                                13.901866,
                                53.969794
                            ],
                            [
                                13.938975,
                                53.928209
                            ],
                            [
                                13.931651,
                                53.899319
                            ],
                            [
                                13.922374,
                                53.893378
                            ],
                            [
                                13.887706,
                                53.881537
                            ],
                            [
                                13.855479,
                                53.877387
                            ],
                            [
                                13.834727,
                                53.867987
                            ],
                            [
                                13.821788,
                                53.865139
                            ],
                            [
                                13.840099,
                                53.850287
                            ],
                            [
                                13.875255,
                                53.844062
                            ],
                            [
                                13.938487,
                                53.844672
                            ],
                            [
                                13.99586,
                                53.853746
                            ],
                            [
                                14.025076,
                                53.863837
                            ],
                            [
                                14.04835,
                                53.879381
                            ],
                            [
                                14.065115,
                                53.872382
                            ],
                            [
                                14.087413,
                                53.870429
                            ],
                            [
                                14.200819,
                                53.878157
                            ],
                            [
                                14.192756,
                                53.893766
                            ],
                            [
                                14.175289,
                                53.906478
                            ],
                            [
                                14.184798,
                                53.908132
                            ],
                            [
                                14.193066,
                                53.911491
                            ],
                            [
                                14.210053,
                                53.938463
                            ],
                            [
                                14.209483,
                                53.938625
                            ],
                            [
                                14.192393,
                                53.946112
                            ],
                            [
                                14.016612,
                                54.060004
                            ],
                            [
                                13.986176,
                                54.071234
                            ],
                            [
                                13.948416,
                                54.079779
                            ],
                            [
                                13.882498,
                                54.102444
                            ],
                            [
                                13.855968,
                                54.118354
                            ],
                            [
                                13.844086,
                                54.131293
                            ],
                            [
                                13.823741,
                                54.163967
                            ],
                            [
                                13.814952,
                                54.173651
                            ],
                            [
                                13.796153,
                                54.17829
                            ],
                            [
                                13.777598,
                                54.174018
                            ],
                            [
                                13.762218,
                                54.164455
                            ],
                            [
                                13.75294,
                                54.153144
                            ]
                        ]
                    ]
                ]
            }
        }
    ]
}