{
    "type": "FeatureCollection",
    "features": [
        {
            "type": "Feature",
            "properties": {
                "source": "https://simplemaps.com",
                "id": "DEBE",
                "name": "Berlin"
            },
            "geometry": {
                "type": "MultiPolygon",
                "coordinates": [
                    [
                        [
                            [
                                5.85249,
                                51.042751
                            ],
                            [
                                5.858174,
                                51.019342
                            ],
                            [
                                5.873574,
                                50.990584
                            ],
                            [
                                5.874607,
                                50.965366
                            ],
                            [
                                5.88825,
                                50.967123
                            ],
                            [
                                5.914192,
                                50.975236
                            ],
                            [
                                5.927731,
                                50.977665
                            ],
                            [
                                5.94158,
                                50.976476
                            ],
                            [
                                5.967832,
                                50.970998
                            ],
                            [
                                6.003695,
                                50.973737
                            ],
                            [
                                6.005762,
                                50.968518
                            ],
                            [
                                5.999664,
                                50.960095
                            ],
                            [
                                5.99584,
                                50.951775
                            ],
                            [
                                5.997287,
                                50.937357
                            ],
                            [
                                5.999871,
                                50.929399
                            ],
                            [
                                6.007519,
                                50.924076
                            ],
                            [
                                6.031084,
                                50.914723
                            ],
                            [
                                6.063743,
                                50.90754
                            ],
                            [
                                6.061779,
                                50.903509
                            ],
                            [
                                6.056508,
                                50.898083
                            ],
                            [
                                6.054648,
                                50.891468
                            ],
                            [
                                6.063123,
                                50.870901
                            ],
                            [
                                6.062813,
                                50.862943
                            ],
                            [
                                6.056715,
                                50.852659
                            ],
                            [
                                6.045553,
                                50.844184
                            ],
                            [
                                6.023022,
                                50.845425
                            ],
                            [
                                6.009276,
                                50.840464
                            ],
                            [
                                6.000491,
                                50.830439
                            ],
                            [
                                6.001421,
                                50.821809
                            ],
                            [
                                6.003592,
                                50.81261
                            ],
                            [
                                5.998321,
                                50.800725
                            ],
                            [
                                5.983955,
                                50.792198
                            ],
                            [
                                5.968762,
                                50.794627
                            ],
                            [
                                5.972999,
                                50.781811
                            ],
                            [
                                5.980647,
                                50.773439
                            ],
                            [
                                5.990569,
                                50.769047
                            ],
                            [
                                5.997081,
                                50.762949
                            ],
                            [
                                5.99491,
                                50.749927
                            ],
                            [
                                5.993256,
                                50.748066
                            ],
                            [
                                5.992636,
                                50.746258
                            ],
                            [
                                5.99274,
                                50.744449
                            ],
                            [
                                5.994187,
                                50.742589
                            ],
                            [
                                6.010826,
                                50.737059
                            ],
                            [
                                6.011343,
                                50.727447
                            ],
                            [
                                6.007623,
                                50.716905
                            ],
                            [
                                6.01155,
                                50.708534
                            ],
                            [
                                6.024779,
                                50.707552
                            ],
                            [
                                6.064363,
                                50.714477
                            ],
                            [
                                6.081003,
                                50.713495
                            ],
                            [
                                6.100227,
                                50.701299
                            ],
                            [
                                6.161102,
                                50.642181
                            ],
                            [
                                6.147769,
                                50.636755
                            ],
                            [
                                6.159448,
                                50.622389
                            ],
                            [
                                6.180015,
                                50.615516
                            ],
                            [
                                6.249055,
                                50.614431
                            ],
                            [
                                6.251329,
                                50.608437
                            ],
                            [
                                6.244301,
                                50.599548
                            ],
                            [
                                6.232932,
                                50.590763
                            ],
                            [
                                6.232932,
                                50.587146
                            ],
                            [
                                6.210608,
                                50.578671
                            ],
                            [
                                6.179085,
                                50.561979
                            ],
                            [
                                6.160688,
                                50.543583
                            ],
                            [
                                6.177328,
                                50.530198
                            ],
                            [
                                6.169473,
                                50.522499
                            ],
                            [
                                6.170817,
                                50.517951
                            ],
                            [
                                6.178878,
                                50.515781
                            ],
                            [
                                6.190557,
                                50.515212
                            ],
                            [
                                6.182599,
                                50.506582
                            ],
                            [
                                6.19066,
                                50.501828
                            ],
                            [
                                6.199239,
                                50.490408
                            ],
                            [
                                6.207197,
                                50.486325
                            ],
                            [
                                6.217119,
                                50.486015
                            ],
                            [
                                6.250915,
                                50.492681
                            ],
                            [
                                6.253086,
                                50.494077
                            ],
                            [
                                6.255566,
                                50.494593
                            ],
                            [
                                6.25784,
                                50.494077
                            ],
                            [
                                6.260114,
                                50.492681
                            ],
                            [
                                6.27541,
                                50.48803
                            ],
                            [
                                6.318715,
                                50.481674
                            ],
                            [
                                6.336905,
                                50.481002
                            ],
                            [
                                6.325743,
                                50.474026
                            ],
                            [
                                6.323262,
                                50.466016
                            ],
                            [
                                6.326156,
                                50.457025
                            ],
                            [
                                6.331634,
                                50.446896
                            ],
                            [
                                6.340212,
                                50.437853
                            ],
                            [
                                6.347343,
                                50.436974
                            ],
                            [
                                6.351167,
                                50.433564
                            ],
                            [
                                6.350444,
                                50.416872
                            ],
                            [
                                6.343313,
                                50.393308
                            ],
                            [
                                6.336388,
                                50.379923
                            ],
                            [
                                6.337732,
                                50.36809
                            ],
                            [
                                6.372458,
                                50.329436
                            ],
                            [
                                6.3734,
                                50.32308
                            ],
                            [
                                6.374525,
                                50.315483
                            ],
                            [
                                6.362019,
                                50.306956
                            ],
                            [
                                6.335458,
                                50.303856
                            ],
                            [
                                6.322022,
                                50.305406
                            ],
                            [
                                6.310653,
                                50.308248
                            ],
                            [
                                6.299491,
                                50.308868
                            ],
                            [
                                6.285952,
                                50.303856
                            ],
                            [
                                6.27603,
                                50.296104
                            ],
                            [
                                6.269415,
                                50.286492
                            ],
                            [
                                6.267348,
                                50.276416
                            ],
                            [
                                6.271792,
                                50.267424
                            ],
                            [
                                6.253396,
                                50.256778
                            ],
                            [
                                6.210401,
                                50.249027
                            ],
                            [
                                6.189627,
                                50.242722
                            ],
                            [
                                6.179808,
                                50.233007
                            ],
                            [
                                6.157174,
                                50.222724
                            ],
                            [
                                6.146839,
                                50.214042
                            ],
                            [
                                6.160171,
                                50.204534
                            ],
                            [
                                6.165752,
                                50.193165
                            ],
                            [
                                6.165132,
                                50.181899
                            ],
                            [
                                6.159138,
                                50.172443
                            ],
                            [
                                6.151696,
                                50.169342
                            ],
                            [
                                6.131749,
                                50.168308
                            ],
                            [
                                6.123171,
                                50.164898
                            ],
                            [
                                6.121311,
                                50.16159
                            ],
                            [
                                6.118003,
                                50.150377
                            ],
                            [
                                6.115833,
                                50.145467
                            ],
                            [
                                6.125962,
                                50.140196
                            ],
                            [
                                6.129476,
                                50.134047
                            ],
                            [
                                6.127796,
                                50.130149
                            ],
                            [
                                6.126582,
                                50.127329
                            ],
                            [
                                6.117487,
                                50.120456
                            ],
                            [
                                6.110562,
                                50.105987
                            ],
                            [
                                6.105704,
                                50.092241
                            ],
                            [
                                6.0994,
                                50.064129
                            ],
                            [
                                6.101157,
                                50.063405
                            ],
                            [
                                6.107151,
                                50.063767
                            ],
                            [
                                6.109425,
                                50.06356
                            ],
                            [
                                6.105704,
                                50.060305
                            ],
                            [
                                6.096403,
                                50.048626
                            ],
                            [
                                6.107255,
                                50.044595
                            ],
                            [
                                6.113766,
                                50.036378
                            ],
                            [
                                6.119967,
                                50.015501
                            ],
                            [
                                6.117177,
                                50.004391
                            ],
                            [
                                6.121517,
                                49.996278
                            ],
                            [
                                6.138777,
                                49.979328
                            ],
                            [
                                6.142559,
                                49.97233
                            ],
                            [
                                6.15397,
                                49.951216
                            ],
                            [
                                6.161928,
                                49.942482
                            ],
                            [
                                6.172677,
                                49.956228
                            ],
                            [
                                6.189834,
                                49.938297
                            ],
                            [
                                6.221174,
                                49.889512
                            ],
                            [
                                6.2227,
                                49.887137
                            ],
                            [
                                6.238306,
                                49.876905
                            ],
                            [
                                6.272206,
                                49.867138
                            ],
                            [
                                6.286779,
                                49.86104
                            ],
                            [
                                6.291533,
                                49.855563
                            ],
                            [
                                6.295568,
                                49.848616
                            ],
                            [
                                6.297169,
                                49.84586
                            ],
                            [
                                6.301558,
                                49.838303
                            ],
                            [
                                6.302592,
                                49.834944
                            ],
                            [
                                6.310653,
                                49.834479
                            ],
                            [
                                6.321693,
                                49.838819
                            ],
                            [
                                6.325639,
                                49.84037
                            ],
                            [
                                6.334424,
                                49.840215
                            ],
                            [
                                6.336901,
                                49.839203
                            ],
                            [
                                6.351374,
                                49.83329
                            ],
                            [
                                6.380106,
                                49.815565
                            ],
                            [
                                6.397056,
                                49.808589
                            ],
                            [
                                6.414523,
                                49.805488
                            ],
                            [
                                6.462478,
                                49.805488
                            ],
                            [
                                6.493278,
                                49.799597
                            ],
                            [
                                6.497205,
                                49.799442
                            ],
                            [
                                6.502579,
                                49.79567
                            ],
                            [
                                6.502269,
                                49.795877
                            ],
                            [
                                6.500099,
                                49.794481
                            ],
                            [
                                6.499996,
                                49.786058
                            ],
                            [
                                6.498549,
                                49.785386
                            ],
                            [
                                6.493794,
                                49.76363
                            ],
                            [
                                6.493691,
                                49.756551
                            ],
                            [
                                6.496378,
                                49.752106
                            ],
                            [
                                6.495965,
                                49.748231
                            ],
                            [
                                6.48625,
                                49.742701
                            ],
                            [
                                6.485545,
                                49.733989
                            ],
                            [
                                6.485526,
                                49.733761
                            ],
                            [
                                6.4878,
                                49.725596
                            ],
                            [
                                6.492554,
                                49.718413
                            ],
                            [
                                6.499686,
                                49.712212
                            ],
                            [
                                6.491004,
                                49.714434
                            ],
                            [
                                6.486353,
                                49.712936
                            ],
                            [
                                6.482942,
                                49.708078
                            ],
                            [
                                6.489764,
                                49.702962
                            ],
                            [
                                6.490071,
                                49.702622
                            ],
                            [
                                6.476454,
                                49.695813
                            ],
                            [
                                6.466094,
                                49.690012
                            ],
                            [
                                6.418243,
                                49.669889
                            ],
                            [
                                6.402741,
                                49.655782
                            ],
                            [
                                6.404498,
                                49.652474
                            ],
                            [
                                6.410905,
                                49.649632
                            ],
                            [
                                6.417003,
                                49.645756
                            ],
                            [
                                6.417933,
                                49.639142
                            ],
                            [
                                6.415246,
                                49.634646
                            ],
                            [
                                6.407701,
                                49.627411
                            ],
                            [
                                6.397573,
                                49.613872
                            ],
                            [
                                6.380236,
                                49.599975
                            ],
                            [
                                6.371528,
                                49.592995
                            ],
                            [
                                6.356438,
                                49.577595
                            ],
                            [
                                6.350754,
                                49.566588
                            ],
                            [
                                6.350754,
                                49.53491
                            ],
                            [
                                6.348809,
                                49.52529
                            ],
                            [
                                6.342279,
                                49.493001
                            ],
                            [
                                6.345028,
                                49.466154
                            ],
                            [
                                6.34538,
                                49.462718
                            ],
                            [
                                6.345307,
                                49.455349
                            ],
                            [
                                6.353855,
                                49.45476
                            ],
                            [
                                6.3645,
                                49.456104
                            ],
                            [
                                6.366672,
                                49.457078
                            ],
                            [
                                6.371474,
                                49.459231
                            ],
                            [
                                6.383517,
                                49.46463
                            ],
                            [
                                6.391682,
                                49.466697
                            ],
                            [
                                6.402741,
                                49.465457
                            ],
                            [
                                6.494518,
                                49.435537
                            ],
                            [
                                6.511674,
                                49.424736
                            ],
                            [
                                6.517876,
                                49.416416
                            ],
                            [
                                6.520563,
                                49.408148
                            ],
                            [
                                6.520769,
                                49.402567
                            ],
                            [
                                6.518806,
                                49.402154
                            ],
                            [
                                6.52573,
                                49.395488
                            ],
                            [
                                6.574306,
                                49.361794
                            ],
                            [
                                6.577717,
                                49.3558
                            ],
                            [
                                6.573376,
                                49.347738
                            ],
                            [
                                6.555599,
                                49.34717
                            ],
                            [
                                6.550122,
                                49.338023
                            ],
                            [
                                6.556426,
                                49.326396
                            ],
                            [
                                6.573169,
                                49.313115
                            ],
                            [
                                6.639677,
                                49.271154
                            ],
                            [
                                6.641227,
                                49.266916
                            ],
                            [
                                6.63916,
                                49.256788
                            ],
                            [
                                6.640297,
                                49.252757
                            ],
                            [
                                6.645671,
                                49.250018
                            ],
                            [
                                6.659521,
                                49.246763
                            ],
                            [
                                6.663758,
                                49.243869
                            ],
                            [
                                6.671613,
                                49.225317
                            ],
                            [
                                6.674817,
                                49.221131
                            ],
                            [
                                6.675954,
                                49.218909
                            ],
                            [
                                6.677918,
                                49.211054
                            ],
                            [
                                6.680605,
                                49.207488
                            ],
                            [
                                6.685049,
                                49.207799
                            ],
                            [
                                6.698485,
                                49.213586
                            ],
                            [
                                6.702515,
                                49.213638
                            ],
                            [
                                6.70882,
                                49.197773
                            ],
                            [
                                6.703756,
                                49.185113
                            ],
                            [
                                6.700965,
                                49.172865
                            ],
                            [
                                6.713781,
                                49.158861
                            ],
                            [
                                6.725563,
                                49.155554
                            ],
                            [
                                6.770108,
                                49.155295
                            ],
                            [
                                6.809072,
                                49.145839
                            ],
                            [
                                6.821785,
                                49.147751
                            ],
                            [
                                6.839045,
                                49.162788
                            ],
                            [
                                6.835221,
                                49.179377
                            ],
                            [
                                6.827676,
                                49.195551
                            ],
                            [
                                6.833464,
                                49.209452
                            ],
                            [
                                6.843489,
                                49.211054
                            ],
                            [
                                6.885243,
                                49.204801
                            ],
                            [
                                6.914389,
                                49.206662
                            ],
                            [
                                6.925448,
                                49.205576
                            ],
                            [
                                6.987873,
                                49.182425
                            ],
                            [
                                7.009474,
                                49.181702
                            ],
                            [
                                7.008957,
                                49.146407
                            ],
                            [
                                7.020532,
                                49.118967
                            ],
                            [
                                7.042546,
                                49.107598
                            ],
                            [
                                7.073242,
                                49.12031
                            ],
                            [
                                7.074793,
                                49.125375
                            ],
                            [
                                7.071589,
                                49.130594
                            ],
                            [
                                7.070762,
                                49.136123
                            ],
                            [
                                7.079857,
                                49.142015
                            ],
                            [
                                7.085335,
                                49.141549
                            ],
                            [
                                7.123575,
                                49.123308
                            ],
                            [
                                7.139285,
                                49.117933
                            ],
                            [
                                7.154994,
                                49.114419
                            ],
                            [
                                7.241191,
                                49.113902
                            ],
                            [
                                7.268062,
                                49.105634
                            ],
                            [
                                7.274367,
                                49.105014
                            ],
                            [
                                7.280258,
                                49.108993
                            ],
                            [
                                7.2908,
                                49.123101
                            ],
                            [
                                7.297105,
                                49.128113
                            ],
                            [
                                7.305993,
                                49.130129
                            ],
                            [
                                7.326457,
                                49.131834
                            ],
                            [
                                7.334002,
                                49.13416
                            ],
                            [
                                7.339066,
                                49.139689
                            ],
                            [
                                7.3463,
                                49.15421
                            ],
                            [
                                7.350951,
                                49.159171
                            ],
                            [
                                7.367591,
                                49.165372
                            ],
                            [
                                7.371634,
                                49.166174
                            ],
                            [
                                7.391052,
                                49.170023
                            ],
                            [
                                7.410483,
                                49.168938
                            ],
                            [
                                7.414823,
                                49.157776
                            ],
                            [
                                7.458025,
                                49.155864
                            ],
                            [
                                7.476112,
                                49.151523
                            ],
                            [
                                7.482726,
                                49.137054
                            ],
                            [
                                7.475285,
                                49.133901
                            ],
                            [
                                7.472804,
                                49.131627
                            ],
                            [
                                7.471047,
                                49.12832
                            ],
                            [
                                7.485103,
                                49.118709
                            ],
                            [
                                7.507738,
                                49.094575
                            ],
                            [
                                7.520863,
                                49.083672
                            ],
                            [
                                7.542671,
                                49.074577
                            ],
                            [
                                7.586389,
                                49.069564
                            ],
                            [
                                7.60861,
                                49.061968
                            ],
                            [
                                7.615948,
                                49.055973
                            ],
                            [
                                7.625663,
                                49.043003
                            ],
                            [
                                7.634965,
                                49.037783
                            ],
                            [
                                7.644932,
                                49.036295
                            ],
                            [
                                7.648814,
                                49.035716
                            ],
                            [
                                7.660803,
                                49.037731
                            ],
                            [
                                7.672482,
                                49.041039
                            ],
                            [
                                7.685091,
                                49.042796
                            ],
                            [
                                7.69615,
                                49.041556
                            ],
                            [
                                7.717337,
                                49.036595
                            ],
                            [
                                7.726949,
                                49.035664
                            ],
                            [
                                7.739145,
                                49.037731
                            ],
                            [
                                7.762606,
                                49.046155
                            ],
                            [
                                7.773665,
                                49.048118
                            ],
                            [
                                7.856864,
                                49.032254
                            ],
                            [
                                7.913811,
                                49.036181
                            ],
                            [
                                7.931898,
                                49.034838
                            ],
                            [
                                8.090441,
                                48.979182
                            ],
                            [
                                8.18873,
                                48.965746
                            ],
                            [
                                8.200305,
                                48.958563
                            ],
                            [
                                8.199892,
                                48.95825
                            ],
                            [
                                8.179325,
                                48.942698
                            ],
                            [
                                8.148112,
                                48.903734
                            ],
                            [
                                8.10274,
                                48.821311
                            ],
                            [
                                8.090338,
                                48.807513
                            ],
                            [
                                8.08424,
                                48.804051
                            ],
                            [
                                8.04755,
                                48.791028
                            ],
                            [
                                8.038765,
                                48.79077
                            ],
                            [
                                8.036594,
                                48.788289
                            ],
                            [
                                8.031943,
                                48.785344
                            ],
                            [
                                8.027293,
                                48.780021
                            ],
                            [
                                8.025122,
                                48.770616
                            ],
                            [
                                8.022952,
                                48.765087
                            ],
                            [
                                8.017267,
                                48.761831
                            ],
                            [
                                8.009619,
                                48.760074
                            ],
                            [
                                7.981507,
                                48.759764
                            ],
                            [
                                7.970138,
                                48.757283
                            ],
                            [
                                7.964867,
                                48.748343
                            ],
                            [
                                7.963627,
                                48.729275
                            ],
                            [
                                7.959183,
                                48.721368
                            ],
                            [
                                7.948434,
                                48.71186
                            ],
                            [
                                7.935205,
                                48.703333
                            ],
                            [
                                7.92332,
                                48.698217
                            ],
                            [
                                7.895931,
                                48.676513
                            ],
                            [
                                7.880635,
                                48.667728
                            ],
                            [
                                7.864098,
                                48.664163
                            ],
                            [
                                7.852419,
                                48.658685
                            ],
                            [
                                7.810252,
                                48.615018
                            ],
                            [
                                7.801777,
                                48.582359
                            ],
                            [
                                7.801673,
                                48.54758
                            ],
                            [
                                7.813455,
                                48.526341
                            ],
                            [
                                7.813455,
                                48.519468
                            ],
                            [
                                7.788444,
                                48.506343
                            ],
                            [
                                7.776455,
                                48.498178
                            ],
                            [
                                7.771287,
                                48.489109
                            ],
                            [
                                7.76922,
                                48.470066
                            ],
                            [
                                7.764156,
                                48.460351
                            ],
                            [
                                7.757645,
                                48.453891
                            ],
                            [
                                7.75072,
                                48.444408
                            ],
                            [
                                7.745656,
                                48.433014
                            ],
                            [
                                7.738318,
                                48.406607
                            ],
                            [
                                7.737181,
                                48.393481
                            ],
                            [
                                7.740385,
                                48.381441
                            ],
                            [
                                7.746896,
                                48.368677
                            ],
                            [
                                7.75196,
                                48.355344
                            ],
                            [
                                7.75072,
                                48.341366
                            ],
                            [
                                7.736974,
                                48.326664
                            ],
                            [
                                7.718578,
                                48.319997
                            ],
                            [
                                7.702454,
                                48.311187
                            ],
                            [
                                7.69553,
                                48.29018
                            ],
                            [
                                7.693463,
                                48.269871
                            ],
                            [
                                7.687158,
                                48.252921
                            ],
                            [
                                7.676616,
                                48.238401
                            ],
                            [
                                7.613364,
                                48.179205
                            ],
                            [
                                7.60675,
                                48.166983
                            ],
                            [
                                7.604786,
                                48.152566
                            ],
                            [
                                7.599722,
                                48.144711
                            ],
                            [
                                7.5929,
                                48.138665
                            ],
                            [
                                7.585666,
                                48.129725
                            ],
                            [
                                7.581976,
                                48.121353
                            ],
                            [
                                7.578948,
                                48.11448
                            ],
                            [
                                7.572643,
                                48.094973
                            ],
                            [
                                7.575744,
                                48.053709
                            ],
                            [
                                7.618945,
                                48.002653
                            ],
                            [
                                7.621116,
                                47.97144
                            ],
                            [
                                7.611607,
                                47.959399
                            ],
                            [
                                7.584942,
                                47.940408
                            ],
                            [
                                7.579568,
                                47.92705
                            ],
                            [
                                7.580808,
                                47.910798
                            ],
                            [
                                7.578948,
                                47.906328
                            ],
                            [
                                7.572643,
                                47.896302
                            ],
                            [
                                7.568613,
                                47.891367
                            ],
                            [
                                7.561998,
                                47.887052
                            ],
                            [
                                7.559001,
                                47.882712
                            ],
                            [
                                7.557864,
                                47.878526
                            ],
                            [
                                7.558381,
                                47.875993
                            ],
                            [
                                7.559207,
                                47.873462
                            ],
                            [
                                7.559001,
                                47.869017
                            ],
                            [
                                7.564168,
                                47.850414
                            ],
                            [
                                7.561998,
                                47.839226
                            ],
                            [
                                7.548459,
                                47.834239
                            ],
                            [
                                7.542878,
                                47.829433
                            ],
                            [
                                7.528615,
                                47.797032
                            ],
                            [
                                7.525928,
                                47.783157
                            ],
                            [
                                7.53833,
                                47.748146
                            ],
                            [
                                7.537813,
                                47.731816
                            ],
                            [
                                7.531922,
                                47.725202
                            ],
                            [
                                7.515386,
                                47.713316
                            ],
                            [
                                7.511872,
                                47.707322
                            ],
                            [
                                7.514662,
                                47.685798
                            ],
                            [
                                7.517866,
                                47.675024
                            ],
                            [
                                7.521794,
                                47.670425
                            ],
                            [
                                7.536573,
                                47.665205
                            ],
                            [
                                7.550112,
                                47.652441
                            ],
                            [
                                7.572643,
                                47.622004
                            ],
                            [
                                7.578638,
                                47.61694
                            ],
                            [
                                7.585046,
                                47.613167
                            ],
                            [
                                7.590317,
                                47.607948
                            ],
                            [
                                7.592487,
                                47.598413
                            ],
                            [
                                7.59011,
                                47.594822
                            ],
                            [
                                7.586028,
                                47.584619
                            ],
                            [
                                7.637032,
                                47.594977
                            ],
                            [
                                7.659666,
                                47.596579
                            ],
                            [
                                7.646541,
                                47.571542
                            ],
                            [
                                7.635895,
                                47.564591
                            ],
                            [
                                7.612337,
                                47.564731
                            ],
                            [
                                7.609747,
                                47.564746
                            ],
                            [
                                7.646901,
                                47.551445
                            ],
                            [
                                7.661423,
                                47.546246
                            ],
                            [
                                7.683438,
                                47.544257
                            ],
                            [
                                7.72732,
                                47.550423
                            ],
                            [
                                7.76674,
                                47.555961
                            ],
                            [
                                7.78555,
                                47.563196
                            ],
                            [
                                7.801467,
                                47.576089
                            ],
                            [
                                7.819657,
                                47.595339
                            ],
                            [
                                7.833713,
                                47.590481
                            ],
                            [
                                7.898205,
                                47.587846
                            ],
                            [
                                7.904303,
                                47.583557
                            ],
                            [
                                7.907507,
                                47.574177
                            ],
                            [
                                7.90947,
                                47.564798
                            ],
                            [
                                7.912157,
                                47.560561
                            ],
                            [
                                8.042279,
                                47.560561
                            ],
                            [
                                8.087237,
                                47.567382
                            ],
                            [
                                8.096952,
                                47.571852
                            ],
                            [
                                8.101397,
                                47.576193
                            ],
                            [
                                8.105427,
                                47.581257
                            ],
                            [
                                8.113902,
                                47.587846
                            ],
                            [
                                8.122067,
                                47.592135
                            ],
                            [
                                8.143771,
                                47.600067
                            ],
                            [
                                8.162065,
                                47.603762
                            ],
                            [
                                8.168886,
                                47.608645
                            ],
                            [
                                8.173847,
                                47.613529
                            ],
                            [
                                8.179015,
                                47.615803
                            ],
                            [
                                8.232965,
                                47.621952
                            ],
                            [
                                8.251051,
                                47.622004
                            ],
                            [
                                8.276993,
                                47.61663
                            ],
                            [
                                8.288569,
                                47.615803
                            ],
                            [
                                8.293943,
                                47.611462
                            ],
                            [
                                8.299317,
                                47.601824
                            ],
                            [
                                8.306345,
                                47.592187
                            ],
                            [
                                8.316164,
                                47.587846
                            ],
                            [
                                8.354094,
                                47.581024
                            ],
                            [
                                8.41807,
                                47.580766
                            ],
                            [
                                8.4211,
                                47.581112
                            ],
                            [
                                8.448869,
                                47.58428
                            ],
                            [
                                8.450109,
                                47.589034
                            ],
                            [
                                8.461788,
                                47.606139
                            ],
                            [
                                8.49238,
                                47.619834
                            ],
                            [
                                8.522353,
                                47.621901
                            ],
                            [
                                8.537752,
                                47.612134
                            ],
                            [
                                8.549638,
                                47.598595
                            ],
                            [
                                8.551719,
                                47.596863
                            ],
                            [
                                8.560697,
                                47.589396
                            ],
                            [
                                8.574133,
                                47.592445
                            ],
                            [
                                8.576305,
                                47.595023
                            ],
                            [
                                8.580644,
                                47.600171
                            ],
                            [
                                8.581781,
                                47.607664
                            ],
                            [
                                8.581264,
                                47.614769
                            ],
                            [
                                8.582504,
                                47.62159
                            ],
                            [
                                8.582091,
                                47.625027
                            ],
                            [
                                8.579714,
                                47.628929
                            ],
                            [
                                8.57806,
                                47.633476
                            ],
                            [
                                8.580334,
                                47.639006
                            ],
                            [
                                8.583951,
                                47.641124
                            ],
                            [
                                8.589222,
                                47.642468
                            ],
                            [
                                8.593563,
                                47.642571
                            ],
                            [
                                8.594493,
                                47.640969
                            ],
                            [
                                8.595113,
                                47.63482
                            ],
                            [
                                8.601624,
                                47.632598
                            ],
                            [
                                8.607309,
                                47.656291
                            ],
                            [
                                8.598214,
                                47.656886
                            ],
                            [
                                8.593589,
                                47.658169
                            ],
                            [
                                8.582194,
                                47.66133
                            ],
                            [
                                8.568241,
                                47.662931
                            ],
                            [
                                8.519666,
                                47.657351
                            ],
                            [
                                8.504679,
                                47.65226
                            ],
                            [
                                8.49083,
                                47.645568
                            ],
                            [
                                8.476051,
                                47.640401
                            ],
                            [
                                8.458274,
                                47.639884
                            ],
                            [
                                8.437603,
                                47.647842
                            ],
                            [
                                8.411972,
                                47.661045
                            ],
                            [
                                8.407011,
                                47.661562
                            ],
                            [
                                8.391301,
                                47.665464
                            ],
                            [
                                8.397709,
                                47.67629
                            ],
                            [
                                8.395229,
                                47.684817
                            ],
                            [
                                8.390991,
                                47.692129
                            ],
                            [
                                8.392128,
                                47.699519
                            ],
                            [
                                8.401947,
                                47.707089
                            ],
                            [
                                8.427268,
                                47.716468
                            ],
                            [
                                8.437913,
                                47.723186
                            ],
                            [
                                8.445458,
                                47.743185
                            ],
                            [
                                8.450109,
                                47.750472
                            ],
                            [
                                8.463648,
                                47.763907
                            ],
                            [
                                8.471503,
                                47.76706
                            ],
                            [
                                8.482665,
                                47.766853
                            ],
                            [
                                8.536512,
                                47.774088
                            ],
                            [
                                8.551602,
                                47.779255
                            ],
                            [
                                8.5423,
                                47.795017
                            ],
                            [
                                8.558216,
                                47.801166
                            ],
                            [
                                8.583124,
                                47.800236
                            ],
                            [
                                8.601624,
                                47.794603
                            ],
                            [
                                8.603175,
                                47.787317
                            ],
                            [
                                8.604105,
                                47.774398
                            ],
                            [
                                8.607619,
                                47.762254
                            ],
                            [
                                8.617437,
                                47.757319
                            ],
                            [
                                8.62984,
                                47.762796
                            ],
                            [
                                8.635007,
                                47.784604
                            ],
                            [
                                8.644102,
                                47.791012
                            ],
                            [
                                8.657022,
                                47.788118
                            ],
                            [
                                8.666633,
                                47.778273
                            ],
                            [
                                8.674488,
                                47.766698
                            ],
                            [
                                8.68193,
                                47.75874
                            ],
                            [
                                8.692265,
                                47.757163
                            ],
                            [
                                8.703324,
                                47.758714
                            ],
                            [
                                8.713142,
                                47.757422
                            ],
                            [
                                8.719757,
                                47.747319
                            ],
                            [
                                8.71707,
                                47.743547
                            ],
                            [
                                8.703737,
                                47.730033
                            ],
                            [
                                8.70043,
                                47.723496
                            ],
                            [
                                8.704667,
                                47.715332
                            ],
                            [
                                8.712625,
                                47.708691
                            ],
                            [
                                8.715106,
                                47.701069
                            ],
                            [
                                8.71707,
                                47.694558
                            ],
                            [
                                8.769883,
                                47.695074
                            ],
                            [
                                8.761718,
                                47.70125
                            ],
                            [
                                8.77071,
                                47.720861
                            ],
                            [
                                8.797581,
                                47.720034
                            ],
                            [
                                8.830241,
                                47.707192
                            ],
                            [
                                8.856079,
                                47.690682
                            ],
                            [
                                8.837682,
                                47.687788
                            ],
                            [
                                8.837786,
                                47.680838
                            ],
                            [
                                8.851935,
                                47.671282
                            ],
                            [
                                8.852668,
                                47.670786
                            ],
                            [
                                8.881711,
                                47.656136
                            ],
                            [
                                8.906205,
                                47.651795
                            ],
                            [
                                8.945376,
                                47.654302
                            ],
                            [
                                8.981756,
                                47.662156
                            ],
                            [
                                8.997673,
                                47.673835
                            ],
                            [
                                9.016586,
                                47.6789
                            ],
                            [
                                9.128104,
                                47.670425
                            ],
                            [
                                9.183398,
                                47.670425
                            ],
                            [
                                9.196937,
                                47.656136
                            ],
                            [
                                9.234351,
                                47.656162
                            ],
                            [
                                9.273211,
                                47.65009
                            ],
                            [
                                9.547482,
                                47.534547
                            ],
                            [
                                9.549887,
                                47.533534
                            ],
                            [
                                9.554144,
                                47.532743
                            ],
                            [
                                9.612622,
                                47.521881
                            ],
                            [
                                9.676701,
                                47.52263
                            ],
                            [
                                9.703986,
                                47.531415
                            ],
                            [
                                9.718455,
                                47.546711
                            ],
                            [
                                9.730858,
                                47.564901
                            ],
                            [
                                9.752665,
                                47.582058
                            ],
                            [
                                9.767135,
                                47.587277
                            ],
                            [
                                9.782121,
                                47.588414
                            ],
                            [
                                9.79628,
                                47.584952
                            ],
                            [
                                9.807959,
                                47.576322
                            ],
                            [
                                9.811266,
                                47.564488
                            ],
                            [
                                9.809303,
                                47.552318
                            ],
                            [
                                9.813127,
                                47.54175
                            ],
                            [
                                9.833487,
                                47.534619
                            ],
                            [
                                9.841549,
                                47.535032
                            ],
                            [
                                9.853848,
                                47.540407
                            ],
                            [
                                9.858912,
                                47.541337
                            ],
                            [
                                9.888988,
                                47.533792
                            ],
                            [
                                9.918753,
                                47.53219
                            ],
                            [
                                9.933843,
                                47.534206
                            ],
                            [
                                9.945935,
                                47.540768
                            ],
                            [
                                9.948726,
                                47.524232
                            ],
                            [
                                9.959164,
                                47.514879
                            ],
                            [
                                9.97167,
                                47.506404
                            ],
                            [
                                9.980765,
                                47.492942
                            ],
                            [
                                9.980765,
                                47.489919
                            ],
                            [
                                9.981075,
                                47.48687
                            ],
                            [
                                9.982625,
                                47.481031
                            ],
                            [
                                9.993581,
                                47.476586
                            ],
                            [
                                10.002366,
                                47.47917
                            ],
                            [
                                10.011254,
                                47.484441
                            ],
                            [
                                10.022623,
                                47.487955
                            ],
                            [
                                10.071819,
                                47.439121
                            ],
                            [
                                10.080604,
                                47.42739
                            ],
                            [
                                10.075953,
                                47.416874
                            ],
                            [
                                10.053215,
                                47.40486
                            ],
                            [
                                10.064171,
                                47.396178
                            ],
                            [
                                10.066858,
                                47.385791
                            ],
                            [
                                10.067788,
                                47.375042
                            ],
                            [
                                10.073162,
                                47.365482
                            ],
                            [
                                10.082878,
                                47.359074
                            ],
                            [
                                10.089596,
                                47.359281
                            ],
                            [
                                10.097244,
                                47.363131
                            ],
                            [
                                10.11037,
                                47.367394
                            ],
                            [
                                10.11533,
                                47.366955
                            ],
                            [
                                10.125666,
                                47.362692
                            ],
                            [
                                10.130833,
                                47.362666
                            ],
                            [
                                10.135071,
                                47.364888
                            ],
                            [
                                10.146956,
                                47.373802
                            ],
                            [
                                10.190881,
                                47.379228
                            ],
                            [
                                10.209278,
                                47.372484
                            ],
                            [
                                10.208555,
                                47.354475
                            ],
                            [
                                10.190468,
                                47.317475
                            ],
                            [
                                10.192742,
                                47.310912
                            ],
                            [
                                10.193259,
                                47.304917
                            ],
                            [
                                10.190778,
                                47.298251
                            ],
                            [
                                10.18592,
                                47.294995
                            ],
                            [
                                10.172691,
                                47.292308
                            ],
                            [
                                10.168661,
                                47.290422
                            ],
                            [
                                10.159462,
                                47.279131
                            ],
                            [
                                10.155431,
                                47.272878
                            ],
                            [
                                10.159876,
                                47.271121
                            ],
                            [
                                10.174951,
                                47.272376
                            ],
                            [
                                10.239354,
                                47.277736
                            ],
                            [
                                10.261161,
                                47.283497
                            ],
                            [
                                10.305913,
                                47.302178
                            ],
                            [
                                10.325447,
                                47.314322
                            ],
                            [
                                10.34343,
                                47.330755
                            ],
                            [
                                10.365651,
                                47.361115
                            ],
                            [
                                10.371646,
                                47.367394
                            ],
                            [
                                10.381981,
                                47.372122
                            ],
                            [
                                10.403065,
                                47.377109
                            ],
                            [
                                10.411643,
                                47.381037
                            ],
                            [
                                10.428283,
                                47.396049
                            ],
                            [
                                10.442856,
                                47.41628
                            ],
                            [
                                10.451951,
                                47.438759
                            ],
                            [
                                10.451744,
                                47.460205
                            ],
                            [
                                10.44761,
                                47.472581
                            ],
                            [
                                10.442236,
                                47.481392
                            ],
                            [
                                10.433657,
                                47.487852
                            ],
                            [
                                10.419601,
                                47.493045
                            ],
                            [
                                10.42973,
                                47.532914
                            ],
                            [
                                10.43097,
                                47.542164
                            ],
                            [
                                10.424356,
                                47.553352
                            ],
                            [
                                10.415674,
                                47.564385
                            ],
                            [
                                10.414227,
                                47.573015
                            ],
                            [
                                10.429213,
                                47.57702
                            ],
                            [
                                10.445956,
                                47.579061
                            ],
                            [
                                10.453604,
                                47.581102
                            ],
                            [
                                10.457118,
                                47.579242
                            ],
                            [
                                10.461563,
                                47.569914
                            ],
                            [
                                10.460322,
                                47.565987
                            ],
                            [
                                10.455465,
                                47.561181
                            ],
                            [
                                10.451744,
                                47.554825
                            ],
                            [
                                10.453501,
                                47.546246
                            ],
                            [
                                10.458772,
                                47.541647
                            ],
                            [
                                10.466937,
                                47.53772
                            ],
                            [
                                10.482543,
                                47.532862
                            ],
                            [
                                10.525125,
                                47.528469
                            ],
                            [
                                10.536907,
                                47.529865
                            ],
                            [
                                10.549619,
                                47.536789
                            ],
                            [
                                10.569876,
                                47.555936
                            ],
                            [
                                10.583726,
                                47.562473
                            ],
                            [
                                10.60791,
                                47.562266
                            ],
                            [
                                10.739892,
                                47.528469
                            ],
                            [
                                10.743923,
                                47.525317
                            ],
                            [
                                10.74723,
                                47.52015
                            ],
                            [
                                10.752191,
                                47.515395
                            ],
                            [
                                10.760769,
                                47.513638
                            ],
                            [
                                10.790328,
                                47.516067
                            ],
                            [
                                10.830636,
                                47.528573
                            ],
                            [
                                10.844795,
                                47.531312
                            ],
                            [
                                10.858644,
                                47.530666
                            ],
                            [
                                10.86929,
                                47.526583
                            ],
                            [
                                10.892234,
                                47.514879
                            ],
                            [
                                10.883862,
                                47.508006
                            ],
                            [
                                10.851616,
                                47.493097
                            ],
                            [
                                10.858438,
                                47.485165
                            ],
                            [
                                10.909907,
                                47.46899
                            ],
                            [
                                10.959827,
                                47.432506
                            ],
                            [
                                10.962824,
                                47.427959
                            ],
                            [
                                10.963134,
                                47.421241
                            ],
                            [
                                10.96086,
                                47.414316
                            ],
                            [
                                10.957656,
                                47.409717
                            ],
                            [
                                10.955279,
                                47.409614
                            ],
                            [
                                10.965511,
                                47.396074
                            ],
                            [
                                10.979464,
                                47.390545
                            ],
                            [
                                11.083747,
                                47.389512
                            ],
                            [
                                11.10328,
                                47.393568
                            ],
                            [
                                11.168599,
                                47.424264
                            ],
                            [
                                11.193818,
                                47.428941
                            ],
                            [
                                11.215212,
                                47.422998
                            ],
                            [
                                11.213041,
                                47.395816
                            ],
                            [
                                11.237019,
                                47.393956
                            ],
                            [
                                11.258827,
                                47.400725
                            ],
                            [
                                11.273089,
                                47.411112
                            ],
                            [
                                11.286318,
                                47.423205
                            ],
                            [
                                11.305645,
                                47.4354
                            ],
                            [
                                11.324249,
                                47.439431
                            ],
                            [
                                11.367657,
                                47.440129
                            ],
                            [
                                11.383884,
                                47.444857
                            ],
                            [
                                11.392462,
                                47.454779
                            ],
                            [
                                11.388638,
                                47.46222
                            ],
                            [
                                11.377786,
                                47.467052
                            ],
                            [
                                11.365487,
                                47.469326
                            ],
                            [
                                11.412616,
                                47.506094
                            ],
                            [
                                11.435353,
                                47.509711
                            ],
                            [
                                11.459951,
                                47.507437
                            ],
                            [
                                11.482585,
                                47.50258
                            ],
                            [
                                11.529508,
                                47.507851
                            ],
                            [
                                11.551212,
                                47.51369
                            ],
                            [
                                11.569402,
                                47.527384
                            ],
                            [
                                11.574466,
                                47.536634
                            ],
                            [
                                11.582321,
                                47.559786
                            ],
                            [
                                11.589142,
                                47.570379
                            ],
                            [
                                11.617048,
                                47.586761
                            ],
                            [
                                11.620458,
                                47.589654
                            ],
                            [
                                11.638958,
                                47.589241
                            ],
                            [
                                11.682573,
                                47.58335
                            ],
                            [
                                11.764015,
                                47.583117
                            ],
                            [
                                11.820343,
                                47.575288
                            ],
                            [
                                11.830678,
                                47.577614
                            ],
                            [
                                11.840703,
                                47.594615
                            ],
                            [
                                11.851969,
                                47.599163
                            ],
                            [
                                11.935891,
                                47.610739
                            ],
                            [
                                12.165645,
                                47.603969
                            ],
                            [
                                12.173603,
                                47.60508
                            ],
                            [
                                12.202128,
                                47.629833
                            ],
                            [
                                12.205745,
                                47.636215
                            ],
                            [
                                12.206779,
                                47.645568
                            ],
                            [
                                12.205125,
                                47.672285
                            ],
                            [
                                12.202335,
                                47.677788
                            ],
                            [
                                12.197271,
                                47.680088
                            ],
                            [
                                12.189106,
                                47.685566
                            ],
                            [
                                12.181768,
                                47.692129
                            ],
                            [
                                12.178564,
                                47.697658
                            ],
                            [
                                12.1766,
                                47.705823
                            ],
                            [
                                12.192413,
                                47.710164
                            ],
                            [
                                12.216494,
                                47.723703
                            ],
                            [
                                12.225176,
                                47.727372
                            ],
                            [
                                12.239749,
                                47.731687
                            ],
                            [
                                12.242229,
                                47.732023
                            ],
                            [
                                12.239128,
                                47.72745
                            ],
                            [
                                12.236545,
                                47.716779
                            ],
                            [
                                12.233031,
                                47.708872
                            ],
                            [
                                12.226623,
                                47.702877
                            ],
                            [
                                12.223315,
                                47.695901
                            ],
                            [
                                12.228793,
                                47.684868
                            ],
                            [
                                12.238715,
                                47.6789
                            ],
                            [
                                12.249567,
                                47.680011
                            ],
                            [
                                12.271891,
                                47.687891
                            ],
                            [
                                12.293699,
                                47.69001
                            ],
                            [
                                12.351473,
                                47.68169
                            ],
                            [
                                12.368423,
                                47.683551
                            ],
                            [
                                12.407697,
                                47.693731
                            ],
                            [
                                12.42413,
                                47.69156
                            ],
                            [
                                12.428781,
                                47.685798
                            ],
                            [
                                12.43922,
                                47.664482
                            ],
                            [
                                12.444697,
                                47.656291
                            ],
                            [
                                12.452759,
                                47.649754
                            ],
                            [
                                12.482524,
                                47.633579
                            ],
                            [
                                12.49658,
                                47.628903
                            ],
                            [
                                12.517148,
                                47.628541
                            ],
                            [
                                12.538232,
                                47.631332
                            ],
                            [
                                12.553838,
                                47.636008
                            ],
                            [
                                12.563375,
                                47.641761
                            ],
                            [
                                12.598383,
                                47.66288
                            ],
                            [
                                12.6174,
                                47.66934
                            ],
                            [
                                12.653057,
                                47.675127
                            ],
                            [
                                12.688713,
                                47.675127
                            ],
                            [
                                12.744834,
                                47.66536
                            ],
                            [
                                12.761991,
                                47.666859
                            ],
                            [
                                12.751655,
                                47.649392
                            ],
                            [
                                12.767365,
                                47.63637
                            ],
                            [
                                12.793307,
                                47.624794
                            ],
                            [
                                12.81315,
                                47.611824
                            ],
                            [
                                12.785865,
                                47.602677
                            ],
                            [
                                12.773669,
                                47.5795
                            ],
                            [
                                12.77894,
                                47.554825
                            ],
                            [
                                12.803642,
                                47.541337
                            ],
                            [
                                12.819041,
                                47.539528
                            ],
                            [
                                12.828446,
                                47.537255
                            ],
                            [
                                12.836921,
                                47.532655
                            ],
                            [
                                12.882603,
                                47.498575
                            ],
                            [
                                12.931593,
                                47.473512
                            ],
                            [
                                12.942548,
                                47.470489
                            ],
                            [
                                12.951023,
                                47.472478
                            ],
                            [
                                12.959291,
                                47.475527
                            ],
                            [
                                12.96973,
                                47.475734
                            ],
                            [
                                12.979342,
                                47.472246
                            ],
                            [
                                12.984923,
                                47.468266
                            ],
                            [
                                12.991124,
                                47.465683
                            ],
                            [
                                13.001873,
                                47.466019
                            ],
                            [
                                13.008797,
                                47.470101
                            ],
                            [
                                13.037323,
                                47.493045
                            ],
                            [
                                13.037013,
                                47.501365
                            ],
                            [
                                13.034429,
                                47.507437
                            ],
                            [
                                13.031225,
                                47.512553
                            ],
                            [
                                13.028951,
                                47.518031
                            ],
                            [
                                13.028124,
                                47.524232
                            ],
                            [
                                13.028124,
                                47.541647
                            ],
                            [
                                13.030605,
                                47.544257
                            ],
                            [
                                13.040113,
                                47.560457
                            ],
                            [
                                13.04125,
                                47.561904
                            ],
                            [
                                13.03908,
                                47.561336
                            ],
                            [
                                13.038253,
                                47.584022
                            ],
                            [
                                13.04094,
                                47.58335
                            ],
                            [
                                13.057063,
                                47.597664
                            ],
                            [
                                13.057683,
                                47.600429
                            ],
                            [
                                13.069569,
                                47.620247
                            ],
                            [
                                13.072049,
                                47.622417
                            ],
                            [
                                13.07422,
                                47.63451
                            ],
                            [
                                13.07484,
                                47.646654
                            ],
                            [
                                13.072049,
                                47.659469
                            ],
                            [
                                13.064091,
                                47.67399
                            ],
                            [
                                13.044557,
                                47.696573
                            ],
                            [
                                13.032258,
                                47.706624
                            ],
                            [
                                13.019856,
                                47.712928
                            ],
                            [
                                13.004353,
                                47.714608
                            ],
                            [
                                12.979032,
                                47.707089
                            ],
                            [
                                12.964045,
                                47.705358
                            ],
                            [
                                12.908338,
                                47.71236
                            ],
                            [
                                12.892009,
                                47.723548
                            ],
                            [
                                12.910612,
                                47.742927
                            ],
                            [
                                12.910819,
                                47.74303
                            ],
                            [
                                12.917227,
                                47.750161
                            ],
                            [
                                12.918984,
                                47.756776
                            ],
                            [
                                12.919294,
                                47.763184
                            ],
                            [
                                12.921257,
                                47.76954
                            ],
                            [
                                12.926735,
                                47.777395
                            ],
                            [
                                12.991227,
                                47.847106
                            ],
                            [
                                12.986576,
                                47.850259
                            ],
                            [
                                12.964976,
                                47.871963
                            ],
                            [
                                12.931076,
                                47.924879
                            ],
                            [
                                12.914229,
                                47.93599
                            ],
                            [
                                12.906168,
                                47.93891
                            ],
                            [
                                12.886014,
                                47.952888
                            ],
                            [
                                12.862036,
                                47.962552
                            ],
                            [
                                12.853975,
                                47.970484
                            ],
                            [
                                12.8486,
                                47.980948
                            ],
                            [
                                12.848246,
                                47.982389
                            ],
                            [
                                12.845603,
                                47.993144
                            ],
                            [
                                12.830617,
                                48.015468
                            ],
                            [
                                12.760234,
                                48.064871
                            ],
                            [
                                12.750932,
                                48.074741
                            ],
                            [
                                12.742043,
                                48.086782
                            ],
                            [
                                12.736979,
                                48.099959
                            ],
                            [
                                12.738943,
                                48.113447
                            ],
                            [
                                12.745041,
                                48.12063
                            ],
                            [
                                12.751449,
                                48.122103
                            ],
                            [
                                12.75796,
                                48.121896
                            ],
                            [
                                12.764058,
                                48.123756
                            ],
                            [
                                12.77832,
                                48.138717
                            ],
                            [
                                12.782351,
                                48.142024
                            ],
                            [
                                12.822142,
                                48.160679
                            ],
                            [
                                12.835164,
                                48.170704
                            ],
                            [
                                12.853458,
                                48.18998
                            ],
                            [
                                12.862553,
                                48.196646
                            ],
                            [
                                12.877642,
                                48.202046
                            ],
                            [
                                12.93304,
                                48.209255
                            ],
                            [
                                12.931696,
                                48.211632
                            ],
                            [
                                12.947199,
                                48.220003
                            ],
                            [
                                12.979445,
                                48.232018
                            ],
                            [
                                13.016652,
                                48.255893
                            ],
                            [
                                13.032775,
                                48.263567
                            ],
                            [
                                13.136438,
                                48.291059
                            ],
                            [
                                13.274207,
                                48.307104
                            ],
                            [
                                13.307797,
                                48.319636
                            ],
                            [
                                13.405569,
                                48.376583
                            ],
                            [
                                13.419522,
                                48.392163
                            ],
                            [
                                13.425206,
                                48.413377
                            ],
                            [
                                13.42717,
                                48.418544
                            ],
                            [
                                13.431717,
                                48.423712
                            ],
                            [
                                13.436161,
                                48.430585
                            ],
                            [
                                13.438228,
                                48.440998
                            ],
                            [
                                13.436368,
                                48.469239
                            ],
                            [
                                13.438228,
                                48.478541
                            ],
                            [
                                13.442983,
                                48.487713
                            ],
                            [
                                13.456419,
                                48.506653
                            ],
                            [
                                13.459209,
                                48.516394
                            ],
                            [
                                13.457039,
                                48.525179
                            ],
                            [
                                13.447737,
                                48.534817
                            ],
                            [
                                13.443706,
                                48.552851
                            ],
                            [
                                13.440709,
                                48.557347
                            ],
                            [
                                13.440089,
                                48.560965
                            ],
                            [
                                13.445566,
                                48.567915
                            ],
                            [
                                13.454558,
                                48.573445
                            ],
                            [
                                13.487218,
                                48.581583
                            ],
                            [
                                13.520704,
                                48.584581
                            ],
                            [
                                13.624367,
                                48.565357
                            ],
                            [
                                13.641834,
                                48.559104
                            ],
                            [
                                13.65806,
                                48.551094
                            ],
                            [
                                13.673356,
                                48.535488
                            ],
                            [
                                13.714336,
                                48.523215
                            ],
                            [
                                13.716506,
                                48.521691
                            ],
                            [
                                13.725394,
                                48.548381
                            ],
                            [
                                13.733869,
                                48.559776
                            ],
                            [
                                13.73728,
                                48.559259
                            ],
                            [
                                13.758054,
                                48.561481
                            ],
                            [
                                13.766012,
                                48.563755
                            ],
                            [
                                13.77428,
                                48.569207
                            ],
                            [
                                13.779034,
                                48.573935
                            ],
                            [
                                13.796191,
                                48.598585
                            ],
                            [
                                13.802392,
                                48.611711
                            ],
                            [
                                13.805493,
                                48.626129
                            ],
                            [
                                13.806216,
                                48.642924
                            ],
                            [
                                13.800945,
                                48.675221
                            ],
                            [
                                13.803529,
                                48.687158
                            ],
                            [
                                13.816862,
                                48.695582
                            ],
                            [
                                13.804356,
                                48.699561
                            ],
                            [
                                13.799395,
                                48.70261
                            ],
                            [
                                13.78875,
                                48.716511
                            ],
                            [
                                13.783582,
                                48.715271
                            ],
                            [
                                13.785856,
                                48.724779
                            ],
                            [
                                13.815725,
                                48.76643
                            ],
                            [
                                13.796191,
                                48.779814
                            ],
                            [
                                13.747925,
                                48.843376
                            ],
                            [
                                13.724671,
                                48.867303
                            ],
                            [
                                13.710615,
                                48.87247
                            ],
                            [
                                13.673356,
                                48.876346
                            ],
                            [
                                13.654443,
                                48.882237
                            ],
                            [
                                13.637389,
                                48.893451
                            ],
                            [
                                13.621783,
                                48.909057
                            ],
                            [
                                13.611138,
                                48.927247
                            ],
                            [
                                13.608924,
                                48.944129
                            ],
                            [
                                13.608657,
                                48.946161
                            ],
                            [
                                13.599762,
                                48.945504
                            ],
                            [
                                13.590467,
                                48.944817
                            ],
                            [
                                13.573414,
                                48.951018
                            ],
                            [
                                13.556464,
                                48.959958
                            ],
                            [
                                13.538894,
                                48.967038
                            ],
                            [
                                13.522395,
                                48.969342
                            ],
                            [
                                13.51844,
                                48.969894
                            ],
                            [
                                13.51595,
                                48.970242
                            ],
                            [
                                13.511568,
                                48.968918
                            ],
                            [
                                13.5073,
                                48.967628
                            ],
                            [
                                13.5021,
                                48.966056
                            ],
                            [
                                13.492592,
                                48.955049
                            ],
                            [
                                13.487252,
                                48.946051
                            ],
                            [
                                13.482257,
                                48.937634
                            ],
                            [
                                13.458899,
                                48.945024
                            ],
                            [
                                13.427273,
                                48.959958
                            ],
                            [
                                13.398541,
                                48.977683
                            ],
                            [
                                13.384175,
                                48.993031
                            ],
                            [
                                13.383555,
                                49.021092
                            ],
                            [
                                13.372393,
                                49.038507
                            ],
                            [
                                13.329915,
                                49.066929
                            ],
                            [
                                13.299529,
                                49.093645
                            ],
                            [
                                13.287333,
                                49.10057
                            ],
                            [
                                13.267283,
                                49.105634
                            ],
                            [
                                13.206821,
                                49.107495
                            ],
                            [
                                13.178503,
                                49.118347
                            ],
                            [
                                13.162586,
                                49.135141
                            ],
                            [
                                13.14946,
                                49.15483
                            ],
                            [
                                13.055823,
                                49.238184
                            ],
                            [
                                13.04342,
                                49.242784
                            ],
                            [
                                13.043214,
                                49.242939
                            ],
                            [
                                13.011278,
                                49.267795
                            ],
                            [
                                13.00673,
                                49.277097
                            ],
                            [
                                13.005387,
                                49.28676
                            ],
                            [
                                12.999806,
                                49.294925
                            ],
                            [
                                12.982442,
                                49.299627
                            ],
                            [
                                12.95433,
                                49.31911
                            ],
                            [
                                12.939861,
                                49.326758
                            ],
                            [
                                12.922911,
                                49.332701
                            ],
                            [
                                12.88571,
                                49.339387
                            ],
                            [
                                12.88467,
                                49.339574
                            ],
                            [
                                12.870925,
                                49.336731
                            ],
                            [
                                12.871794,
                                49.334214
                            ],
                            [
                                12.875369,
                                49.323864
                            ],
                            [
                                12.856662,
                                49.32221
                            ],
                            [
                                12.797751,
                                49.327843
                            ],
                            [
                                12.777907,
                                49.332546
                            ],
                            [
                                12.762094,
                                49.343242
                            ],
                            [
                                12.729331,
                                49.391147
                            ],
                            [
                                12.709177,
                                49.404737
                            ],
                            [
                                12.663082,
                                49.418897
                            ],
                            [
                                12.643548,
                                49.42949
                            ],
                            [
                                12.632179,
                                49.44396
                            ],
                            [
                                12.627218,
                                49.460186
                            ],
                            [
                                12.624325,
                                49.493001
                            ],
                            [
                                12.622981,
                                49.509847
                            ],
                            [
                                12.61554,
                                49.513775
                            ],
                            [
                                12.604998,
                                49.512793
                            ],
                            [
                                12.593732,
                                49.515015
                            ],
                            [
                                12.58288,
                                49.522405
                            ],
                            [
                                12.575025,
                                49.529898
                            ],
                            [
                                12.568721,
                                49.538838
                            ],
                            [
                                12.562313,
                                49.550827
                            ],
                            [
                                12.558282,
                                49.562557
                            ],
                            [
                                12.553631,
                                49.584726
                            ],
                            [
                                12.546603,
                                49.595579
                            ],
                            [
                                12.536061,
                                49.603123
                            ],
                            [
                                12.512187,
                                49.61165
                            ],
                            [
                                12.501955,
                                49.619712
                            ],
                            [
                                12.502678,
                                49.62214
                            ],
                            [
                                12.507433,
                                49.629995
                            ],
                            [
                                12.499474,
                                49.632527
                            ],
                            [
                                12.49689,
                                49.633871
                            ],
                            [
                                12.505365,
                                49.646118
                            ],
                            [
                                12.504642,
                                49.659399
                            ],
                            [
                                12.496374,
                                49.669993
                            ],
                            [
                                12.482524,
                                49.674695
                            ],
                            [
                                12.449245,
                                49.68503
                            ],
                            [
                                12.433949,
                                49.6918
                            ],
                            [
                                12.419583,
                                49.700223
                            ],
                            [
                                12.398912,
                                49.719499
                            ],
                            [
                                12.388577,
                                49.732314
                            ],
                            [
                                12.383616,
                                49.742856
                            ],
                            [
                                12.395398,
                                49.757894
                            ],
                            [
                                12.40186,
                                49.759671
                            ],
                            [
                                12.436739,
                                49.769263
                            ],
                            [
                                12.452655,
                                49.779702
                            ],
                            [
                                12.452731,
                                49.780089
                            ],
                            [
                                12.455859,
                                49.796135
                            ],
                            [
                                12.456376,
                                49.817115
                            ],
                            [
                                12.462474,
                                49.831223
                            ],
                            [
                                12.47412,
                                49.828912
                            ],
                            [
                                12.482524,
                                49.827244
                            ],
                            [
                                12.488934,
                                49.840741
                            ],
                            [
                                12.489863,
                                49.842695
                            ],
                            [
                                12.497453,
                                49.851766
                            ],
                            [
                                12.502143,
                                49.857371
                            ],
                            [
                                12.51291,
                                49.870239
                            ],
                            [
                                12.520972,
                                49.885535
                            ],
                            [
                                12.524072,
                                49.904965
                            ],
                            [
                                12.517871,
                                49.9122
                            ],
                            [
                                12.503608,
                                49.915766
                            ],
                            [
                                12.462681,
                                49.931269
                            ],
                            [
                                12.463818,
                                49.942121
                            ],
                            [
                                12.470742,
                                49.955608
                            ],
                            [
                                12.468158,
                                49.970233
                            ],
                            [
                                12.451312,
                                49.980568
                            ],
                            [
                                12.414518,
                                49.983049
                            ],
                            [
                                12.399222,
                                49.992764
                            ],
                            [
                                12.398189,
                                49.992764
                            ],
                            [
                                12.24688,
                                50.044957
                            ],
                            [
                                12.243676,
                                50.051313
                            ],
                            [
                                12.243469,
                                50.060408
                            ],
                            [
                                12.241402,
                                50.07064
                            ],
                            [
                                12.232514,
                                50.08051
                            ],
                            [
                                12.218044,
                                50.088572
                            ],
                            [
                                12.202025,
                                50.094514
                            ],
                            [
                                12.187865,
                                50.102834
                            ],
                            [
                                12.179184,
                                50.117976
                            ],
                            [
                                12.178564,
                                50.132962
                            ],
                            [
                                12.185592,
                                50.155699
                            ],
                            [
                                12.182698,
                                50.170737
                            ],
                            [
                                12.17505,
                                50.182623
                            ],
                            [
                                12.163784,
                                50.193785
                            ],
                            [
                                12.13929,
                                50.211045
                            ],
                            [
                                12.089887,
                                50.230837
                            ],
                            [
                                12.079552,
                                50.242722
                            ],
                            [
                                12.092057,
                                50.254815
                            ],
                            [
                                12.101856,
                                50.25893
                            ],
                            [
                                12.102393,
                                50.259156
                            ],
                            [
                                12.109111,
                                50.263806
                            ],
                            [
                                12.109452,
                                50.266159
                            ],
                            [
                                12.110971,
                                50.276622
                            ],
                            [
                                12.10725,
                                50.290885
                            ],
                            [
                                12.099189,
                                50.299773
                            ],
                            [
                                12.076141,
                                50.315173
                            ],
                            [
                                12.101344,
                                50.31398
                            ],
                            [
                                12.100998,
                                50.314371
                            ],
                            [
                                12.093712,
                                50.322613
                            ],
                            [
                                12.06529,
                                50.32791
                            ],
                            [
                                12.051957,
                                50.326903
                            ],
                            [
                                12.047616,
                                50.327006
                            ],
                            [
                                12.043431,
                                50.327755
                            ],
                            [
                                12.039865,
                                50.32884
                            ],
                            [
                                11.998886,
                                50.346436
                            ],
                            [
                                11.989429,
                                50.349175
                            ],
                            [
                                11.986018,
                                50.351552
                            ],
                            [
                                11.981832,
                                50.371189
                            ],
                            [
                                11.982297,
                                50.375427
                            ],
                            [
                                11.983383,
                                50.378631
                            ],
                            [
                                11.984778,
                                50.380749
                            ],
                            [
                                11.981212,
                                50.385323
                            ],
                            [
                                11.960232,
                                50.394159
                            ],
                            [
                                11.949845,
                                50.405218
                            ],
                            [
                                11.947829,
                                50.406743
                            ],
                            [
                                11.945659,
                                50.408551
                            ],
                            [
                                11.943798,
                                50.410515
                            ],
                            [
                                11.940543,
                                50.414546
                            ],
                            [
                                11.931706,
                                50.416923
                            ],
                            [
                                11.9053,
                                50.415166
                            ],
                            [
                                11.88127,
                                50.407001
                            ],
                            [
                                11.872278,
                                50.402712
                            ],
                            [
                                11.867472,
                                50.401317
                            ],
                            [
                                11.849592,
                                50.398319
                            ],
                            [
                                11.838895,
                                50.395167
                            ],
                            [
                                11.836105,
                                50.393539
                            ],
                            [
                                11.832384,
                                50.392067
                            ],
                            [
                                11.828818,
                                50.391059
                            ],
                            [
                                11.823702,
                                50.391446
                            ],
                            [
                                11.822152,
                                50.394625
                            ],
                            [
                                11.822772,
                                50.397131
                            ],
                            [
                                11.824478,
                                50.399146
                            ],
                            [
                                11.823082,
                                50.400955
                            ],
                            [
                                11.819672,
                                50.402402
                            ],
                            [
                                11.80913,
                                50.404831
                            ],
                            [
                                11.804169,
                                50.406743
                            ],
                            [
                                11.800861,
                                50.4085
                            ],
                            [
                                11.800138,
                                50.409482
                            ],
                            [
                                11.798691,
                                50.411497
                            ],
                            [
                                11.798071,
                                50.412246
                            ],
                            [
                                11.796727,
                                50.413512
                            ],
                            [
                                11.792025,
                                50.414081
                            ],
                            [
                                11.784738,
                                50.414262
                            ],
                            [
                                11.76815,
                                50.412892
                            ],
                            [
                                11.761174,
                                50.411549
                            ],
                            [
                                11.759624,
                                50.409223
                            ],
                            [
                                11.758073,
                                50.407828
                            ],
                            [
                                11.756988,
                                50.406123
                            ],
                            [
                                11.739573,
                                50.402764
                            ],
                            [
                                11.621182,
                                50.386796
                            ],
                            [
                                11.591572,
                                50.394469
                            ],
                            [
                                11.578704,
                                50.395477
                            ],
                            [
                                11.569816,
                                50.394599
                            ],
                            [
                                11.566405,
                                50.39341
                            ],
                            [
                                11.56408,
                                50.391369
                            ],
                            [
                                11.56129,
                                50.386098
                            ],
                            [
                                11.559119,
                                50.383928
                            ],
                            [
                                11.556019,
                                50.382403
                            ],
                            [
                                11.552298,
                                50.381473
                            ],
                            [
                                11.539275,
                                50.380129
                            ],
                            [
                                11.531679,
                                50.378424
                            ],
                            [
                                11.525788,
                                50.379147
                            ],
                            [
                                11.517675,
                                50.381938
                            ],
                            [
                                11.502017,
                                50.390413
                            ],
                            [
                                11.49349,
                                50.393539
                            ],
                            [
                                11.487289,
                                50.396717
                            ],
                            [
                                11.484653,
                                50.399508
                            ],
                            [
                                11.484033,
                                50.413719
                            ],
                            [
                                11.482018,
                                50.422297
                            ],
                            [
                                11.480313,
                                50.425139
                            ],
                            [
                                11.477212,
                                50.427491
                            ],
                            [
                                11.470856,
                                50.429377
                            ],
                            [
                                11.465895,
                                50.429532
                            ],
                            [
                                11.461657,
                                50.42886
                            ],
                            [
                                11.458247,
                                50.427517
                            ],
                            [
                                11.453906,
                                50.427723
                            ],
                            [
                                11.44848,
                                50.429377
                            ],
                            [
                                11.440728,
                                50.43532
                            ],
                            [
                                11.430962,
                                50.440332
                            ],
                            [
                                11.421195,
                                50.443045
                            ],
                            [
                                11.419179,
                                50.448135
                            ],
                            [
                                11.418094,
                                50.45227
                            ],
                            [
                                11.420575,
                                50.485704
                            ],
                            [
                                11.426466,
                                50.48896
                            ],
                            [
                                11.435767,
                                50.492965
                            ],
                            [
                                11.438093,
                                50.494851
                            ],
                            [
                                11.438713,
                                50.497202
                            ],
                            [
                                11.438248,
                                50.499037
                            ],
                            [
                                11.437783,
                                50.50007
                            ],
                            [
                                11.436078,
                                50.502551
                            ],
                            [
                                11.427086,
                                50.513093
                            ],
                            [
                                11.410498,
                                50.516503
                            ],
                            [
                                11.346729,
                                50.518725
                            ],
                            [
                                11.337376,
                                50.511387
                            ],
                            [
                                11.330089,
                                50.510121
                            ],
                            [
                                11.324818,
                                50.507512
                            ],
                            [
                                11.321408,
                                50.503403
                            ],
                            [
                                11.320632,
                                50.501155
                            ],
                            [
                                11.320322,
                                50.499657
                            ],
                            [
                                11.320477,
                                50.498417
                            ],
                            [
                                11.320322,
                                50.496763
                            ],
                            [
                                11.319702,
                                50.495497
                            ],
                            [
                                11.316292,
                                50.492526
                            ],
                            [
                                11.295776,
                                50.483947
                            ],
                            [
                                11.276397,
                                50.481131
                            ],
                            [
                                11.248647,
                                50.47263
                            ],
                            [
                                11.253453,
                                50.461726
                            ],
                            [
                                11.256399,
                                50.456662
                            ],
                            [
                                11.256864,
                                50.454802
                            ],
                            [
                                11.256554,
                                50.452631
                            ],
                            [
                                11.254383,
                                50.449066
                            ],
                            [
                                11.256088,
                                50.444621
                            ],
                            [
                                11.257794,
                                50.441521
                            ],
                            [
                                11.259654,
                                50.438782
                            ],
                            [
                                11.260739,
                                50.436198
                            ],
                            [
                                11.262135,
                                50.430669
                            ],
                            [
                                11.2626,
                                50.427723
                            ],
                            [
                                11.262445,
                                50.424571
                            ],
                            [
                                11.259034,
                                50.406949
                            ],
                            [
                                11.259034,
                                50.403229
                            ],
                            [
                                11.260429,
                                50.400645
                            ],
                            [
                                11.26415,
                                50.396252
                            ],
                            [
                                11.26477,
                                50.393513
                            ],
                            [
                                11.264615,
                                50.389431
                            ],
                            [
                                11.26539,
                                50.386408
                            ],
                            [
                                11.267096,
                                50.383928
                            ],
                            [
                                11.274227,
                                50.378217
                            ],
                            [
                                11.275777,
                                50.375944
                            ],
                            [
                                11.277172,
                                50.373515
                            ],
                            [
                                11.277483,
                                50.370724
                            ],
                            [
                                11.277483,
                                50.367934
                            ],
                            [
                                11.277638,
                                50.36566
                            ],
                            [
                                11.278258,
                                50.363179
                            ],
                            [
                                11.280273,
                                50.358632
                            ],
                            [
                                11.279963,
                                50.356927
                            ],
                            [
                                11.278568,
                                50.355609
                            ],
                            [
                                11.271281,
                                50.354188
                            ],
                            [
                                11.268801,
                                50.353077
                            ],
                            [
                                11.268491,
                                50.351371
                            ],
                            [
                                11.269111,
                                50.346875
                            ],
                            [
                                11.270196,
                                50.34393
                            ],
                            [
                                11.270506,
                                50.341372
                            ],
                            [
                                11.269266,
                                50.33853
                            ],
                            [
                                11.260584,
                                50.325714
                            ],
                            [
                                11.259034,
                                50.320908
                            ],
                            [
                                11.259034,
                                50.317291
                            ],
                            [
                                11.264615,
                                50.31078
                            ],
                            [
                                11.26601,
                                50.308428
                            ],
                            [
                                11.265855,
                                50.305043
                            ],
                            [
                                11.264305,
                                50.300909
                            ],
                            [
                                11.258104,
                                50.294424
                            ],
                            [
                                11.256244,
                                50.290781
                            ],
                            [
                                11.255158,
                                50.288352
                            ],
                            [
                                11.256864,
                                50.280962
                            ],
                            [
                                11.257019,
                                50.278637
                            ],
                            [
                                11.256709,
                                50.277035
                            ],
                            [
                                11.255313,
                                50.274864
                            ],
                            [
                                11.250973,
                                50.273521
                            ],
                            [
                                11.244151,
                                50.273107
                            ],
                            [
                                11.221465,
                                50.277603
                            ],
                            [
                                11.216194,
                                50.279515
                            ],
                            [
                                11.207513,
                                50.285096
                            ],
                            [
                                11.202242,
                                50.283365
                            ],
                            [
                                11.19232,
                                50.271557
                            ],
                            [
                                11.143279,
                                50.301219
                            ],
                            [
                                11.135372,
                                50.309333
                            ],
                            [
                                11.154906,
                                50.323544
                            ],
                            [
                                11.156301,
                                50.325507
                            ],
                            [
                                11.156766,
                                50.326903
                            ],
                            [
                                11.156456,
                                50.32915
                            ],
                            [
                                11.155216,
                                50.331398
                            ],
                            [
                                11.153666,
                                50.333724
                            ],
                            [
                                11.14979,
                                50.337987
                            ],
                            [
                                11.145294,
                                50.341915
                            ],
                            [
                                11.137543,
                                50.350467
                            ],
                            [
                                11.134597,
                                50.352017
                            ],
                            [
                                11.131032,
                                50.352896
                            ],
                            [
                                11.124624,
                                50.352534
                            ],
                            [
                                11.121368,
                                50.353619
                            ],
                            [
                                11.118267,
                                50.35765
                            ],
                            [
                                11.115787,
                                50.3638
                            ],
                            [
                                11.112531,
                                50.365195
                            ],
                            [
                                11.108501,
                                50.365066
                            ],
                            [
                                11.098269,
                                50.363283
                            ],
                            [
                                11.093773,
                                50.360957
                            ],
                            [
                                11.090362,
                                50.358399
                            ],
                            [
                                11.088347,
                                50.356229
                            ],
                            [
                                11.085556,
                                50.354472
                            ],
                            [
                                11.081836,
                                50.353516
                            ],
                            [
                                11.068296,
                                50.352586
                            ],
                            [
                                11.064111,
                                50.351914
                            ],
                            [
                                11.049693,
                                50.347728
                            ],
                            [
                                11.045662,
                                50.347935
                            ],
                            [
                                11.041631,
                                50.349485
                            ],
                            [
                                11.03698,
                                50.355066
                            ],
                            [
                                11.031709,
                                50.358529
                            ],
                            [
                                11.024578,
                                50.361164
                            ],
                            [
                                10.997551,
                                50.363645
                            ],
                            [
                                10.995226,
                                50.363283
                            ],
                            [
                                10.993831,
                                50.362301
                            ],
                            [
                                10.992435,
                                50.355066
                            ],
                            [
                                10.99166,
                                50.353206
                            ],
                            [
                                10.99011,
                                50.351371
                            ],
                            [
                                10.987939,
                                50.349899
                            ],
                            [
                                10.981738,
                                50.352792
                            ],
                            [
                                10.977553,
                                50.355428
                            ],
                            [
                                10.943394,
                                50.387338
                            ],
                            [
                                10.935798,
                                50.388553
                            ],
                            [
                                10.927736,
                                50.387958
                            ],
                            [
                                10.902415,
                                50.382455
                            ],
                            [
                                10.898901,
                                50.382145
                            ],
                            [
                                10.895749,
                                50.382351
                            ],
                            [
                                10.893423,
                                50.38292
                            ],
                            [
                                10.891098,
                                50.38447
                            ],
                            [
                                10.889082,
                                50.386253
                            ],
                            [
                                10.887377,
                                50.388423
                            ],
                            [
                                10.885207,
                                50.390516
                            ],
                            [
                                10.882726,
                                50.392273
                            ],
                            [
                                10.879936,
                                50.393539
                            ],
                            [
                                10.8773,
                                50.394289
                            ],
                            [
                                10.874665,
                                50.394289
                            ],
                            [
                                10.871099,
                                50.393539
                            ],
                            [
                                10.866758,
                                50.391601
                            ],
                            [
                                10.859162,
                                50.389483
                            ],
                            [
                                10.840662,
                                50.391524
                            ],
                            [
                                10.836631,
                                50.391291
                            ],
                            [
                                10.83291,
                                50.390361
                            ],
                            [
                                10.820508,
                                50.384677
                            ],
                            [
                                10.817097,
                                50.383617
                            ],
                            [
                                10.809811,
                                50.382248
                            ],
                            [
                                10.8064,
                                50.382351
                            ],
                            [
                                10.80392,
                                50.382661
                            ],
                            [
                                10.794463,
                                50.385633
                            ],
                            [
                                10.792448,
                                50.385969
                            ],
                            [
                                10.788882,
                                50.386253
                            ],
                            [
                                10.784489,
                                50.384418
                            ],
                            [
                                10.779528,
                                50.381163
                            ],
                            [
                                10.765421,
                                50.366073
                            ],
                            [
                                10.763405,
                                50.363283
                            ],
                            [
                                10.760615,
                                50.360027
                            ],
                            [
                                10.757824,
                                50.357753
                            ],
                            [
                                10.754569,
                                50.356617
                            ],
                            [
                                10.751158,
                                50.356772
                            ],
                            [
                                10.748988,
                                50.357133
                            ],
                            [
                                10.73488,
                                50.361035
                            ],
                            [
                                10.730488,
                                50.361164
                            ],
                            [
                                10.726302,
                                50.360751
                            ],
                            [
                                10.721961,
                                50.357443
                            ],
                            [
                                10.71793,
                                50.351656
                            ],
                            [
                                10.714209,
                                50.328246
                            ],
                            [
                                10.714985,
                                50.321942
                            ],
                            [
                                10.719015,
                                50.317963
                            ],
                            [
                                10.722736,
                                50.315792
                            ],
                            [
                                10.726767,
                                50.314087
                            ],
                            [
                                10.737826,
                                50.310754
                            ],
                            [
                                10.749608,
                                50.305664
                            ],
                            [
                                10.751313,
                                50.30463
                            ],
                            [
                                10.76325,
                                50.295793
                            ],
                            [
                                10.765886,
                                50.29414
                            ],
                            [
                                10.769141,
                                50.292693
                            ],
                            [
                                10.773172,
                                50.291814
                            ],
                            [
                                10.777513,
                                50.291349
                            ],
                            [
                                10.794928,
                                50.292383
                            ],
                            [
                                10.798804,
                                50.291556
                            ],
                            [
                                10.802059,
                                50.290212
                            ],
                            [
                                10.80423,
                                50.288197
                            ],
                            [
                                10.806555,
                                50.283055
                            ],
                            [
                                10.80795,
                                50.280704
                            ],
                            [
                                10.810121,
                                50.278792
                            ],
                            [
                                10.812756,
                                50.277086
                            ],
                            [
                                10.816322,
                                50.275795
                            ],
                            [
                                10.820353,
                                50.274709
                            ],
                            [
                                10.837871,
                                50.27166
                            ],
                            [
                                10.841127,
                                50.27011
                            ],
                            [
                                10.843297,
                                50.268095
                            ],
                            [
                                10.844899,
                                50.265769
                            ],
                            [
                                10.846759,
                                50.260524
                            ],
                            [
                                10.84738,
                                50.257708
                            ],
                            [
                                10.84769,
                                50.254349
                            ],
                            [
                                10.847225,
                                50.250783
                            ],
                            [
                                10.845674,
                                50.246546
                            ],
                            [
                                10.843142,
                                50.244039
                            ],
                            [
                                10.840197,
                                50.24205
                            ],
                            [
                                10.835391,
                                50.241016
                            ],
                            [
                                10.829034,
                                50.240861
                            ],
                            [
                                10.816787,
                                50.24267
                            ],
                            [
                                10.802524,
                                50.24745
                            ],
                            [
                                10.798494,
                                50.248225
                            ],
                            [
                                10.766661,
                                50.243574
                            ],
                            [
                                10.758444,
                                50.243187
                            ],
                            [
                                10.753018,
                                50.243729
                            ],
                            [
                                10.749143,
                                50.246055
                            ],
                            [
                                10.746662,
                                50.247114
                            ],
                            [
                                10.742942,
                                50.247786
                            ],
                            [
                                10.738911,
                                50.247683
                            ],
                            [
                                10.731573,
                                50.242308
                            ],
                            [
                                10.726922,
                                50.221276
                            ],
                            [
                                10.726922,
                                50.213369
                            ],
                            [
                                10.726612,
                                50.210424
                            ],
                            [
                                10.725217,
                                50.208073
                            ],
                            [
                                10.720566,
                                50.207272
                            ],
                            [
                                10.713589,
                                50.208383
                            ],
                            [
                                10.699792,
                                50.21368
                            ],
                            [
                                10.686924,
                                50.220139
                            ],
                            [
                                10.662223,
                                50.224532
                            ],
                            [
                                10.617058,
                                50.224402
                            ],
                            [
                                10.609151,
                                50.230681
                            ],
                            [
                                10.60481,
                                50.235461
                            ],
                            [
                                10.60388,
                                50.237967
                            ],
                            [
                                10.60388,
                                50.2405
                            ],
                            [
                                10.606516,
                                50.243497
                            ],
                            [
                                10.607601,
                                50.246546
                            ],
                            [
                                10.607136,
                                50.25037
                            ],
                            [
                                10.597989,
                                50.261429
                            ],
                            [
                                10.594578,
                                50.267578
                            ],
                            [
                                10.593803,
                                50.271247
                            ],
                            [
                                10.595354,
                                50.275769
                            ],
                            [
                                10.597524,
                                50.279102
                            ],
                            [
                                10.598299,
                                50.28458
                            ],
                            [
                                10.600005,
                                50.287784
                            ],
                            [
                                10.60016,
                                50.292693
                            ],
                            [
                                10.599074,
                                50.298894
                            ],
                            [
                                10.594268,
                                50.311296
                            ],
                            [
                                10.592873,
                                50.317859
                            ],
                            [
                                10.592408,
                                50.322872
                            ],
                            [
                                10.591323,
                                50.325972
                            ],
                            [
                                10.588067,
                                50.32884
                            ],
                            [
                                10.57427,
                                50.333672
                            ],
                            [
                                10.565588,
                                50.339977
                            ],
                            [
                                10.552359,
                                50.358787
                            ],
                            [
                                10.535771,
                                50.35734
                            ],
                            [
                                10.529259,
                                50.353619
                            ],
                            [
                                10.526159,
                                50.352224
                            ],
                            [
                                10.521353,
                                50.351862
                            ],
                            [
                                10.512981,
                                50.352948
                            ],
                            [
                                10.499752,
                                50.353516
                            ],
                            [
                                10.497272,
                                50.354472
                            ],
                            [
                                10.495566,
                                50.356306
                            ],
                            [
                                10.496032,
                                50.359872
                            ],
                            [
                                10.495256,
                                50.362895
                            ],
                            [
                                10.492931,
                                50.365763
                            ],
                            [
                                10.466111,
                                50.380336
                            ],
                            [
                                10.460995,
                                50.384367
                            ],
                            [
                                10.457584,
                                50.387622
                            ],
                            [
                                10.454329,
                                50.392222
                            ],
                            [
                                10.453398,
                                50.394935
                            ],
                            [
                                10.451952,
                                50.397441
                            ],
                            [
                                10.449471,
                                50.399146
                            ],
                            [
                                10.44265,
                                50.398009
                            ],
                            [
                                10.433658,
                                50.395581
                            ],
                            [
                                10.424666,
                                50.394754
                            ],
                            [
                                10.405443,
                                50.395942
                            ],
                            [
                                10.401102,
                                50.397441
                            ],
                            [
                                10.397381,
                                50.39956
                            ],
                            [
                                10.392679,
                                50.405218
                            ],
                            [
                                10.392214,
                                50.408706
                            ],
                            [
                                10.393299,
                                50.411704
                            ],
                            [
                                10.398466,
                                50.415269
                            ],
                            [
                                10.400792,
                                50.417181
                            ],
                            [
                                10.401877,
                                50.419507
                            ],
                            [
                                10.399397,
                                50.422943
                            ],
                            [
                                10.372835,
                                50.436612
                            ],
                            [
                                10.368649,
                                50.439661
                            ],
                            [
                                10.364618,
                                50.443898
                            ],
                            [
                                10.360123,
                                50.447825
                            ],
                            [
                                10.355162,
                                50.451494
                            ],
                            [
                                10.341054,
                                50.458781
                            ],
                            [
                                10.338522,
                                50.461158
                            ],
                            [
                                10.337282,
                                50.463897
                            ],
                            [
                                10.337282,
                                50.466687
                            ],
                            [
                                10.337902,
                                50.472837
                            ],
                            [
                                10.337747,
                                50.475627
                            ],
                            [
                                10.336971,
                                50.477901
                            ],
                            [
                                10.333561,
                                50.483275
                            ],
                            [
                                10.332631,
                                50.485833
                            ],
                            [
                                10.327515,
                                50.489115
                            ],
                            [
                                10.318678,
                                50.492371
                            ],
                            [
                                10.238011,
                                50.510121
                            ],
                            [
                                10.2315,
                                50.512628
                            ],
                            [
                                10.228089,
                                50.515625
                            ],
                            [
                                10.226332,
                                50.520999
                            ],
                            [
                                10.221991,
                                50.528182
                            ],
                            [
                                10.220441,
                                50.533712
                            ],
                            [
                                10.218116,
                                50.536244
                            ],
                            [
                                10.21455,
                                50.538724
                            ],
                            [
                                10.208504,
                                50.541566
                            ],
                            [
                                10.205093,
                                50.543995
                            ],
                            [
                                10.202613,
                                50.546347
                            ],
                            [
                                10.197187,
                                50.548181
                            ],
                            [
                                10.18835,
                                50.549163
                            ],
                            [
                                10.139309,
                                50.545881
                            ],
                            [
                                10.133883,
                                50.546682
                            ],
                            [
                                10.130007,
                                50.548078
                            ],
                            [
                                10.128302,
                                50.550248
                            ],
                            [
                                10.127372,
                                50.552574
                            ],
                            [
                                10.127682,
                                50.555545
                            ],
                            [
                                10.128147,
                                50.55831
                            ],
                            [
                                10.127837,
                                50.561152
                            ],
                            [
                                10.126132,
                                50.562857
                            ],
                            [
                                10.109647,
                                50.555467
                            ],
                            [
                                10.055025,
                                50.516503
                            ],
                            [
                                10.047428,
                                50.516968
                            ],
                            [
                                10.044793,
                                50.519552
                            ],
                            [
                                10.044483,
                                50.521904
                            ],
                            [
                                10.045413,
                                50.526374
                            ],
                            [
                                10.047428,
                                50.532265
                            ],
                            [
                                10.055955,
                                50.549473
                            ],
                            [
                                10.056885,
                                50.554434
                            ],
                            [
                                10.050064,
                                50.565079
                            ],
                            [
                                10.049134,
                                50.567353
                            ],
                            [
                                10.048359,
                                50.570014
                            ],
                            [
                                10.048049,
                                50.572934
                            ],
                            [
                                10.047894,
                                50.576086
                            ],
                            [
                                10.049289,
                                50.594121
                            ],
                            [
                                10.048824,
                                50.597713
                            ],
                            [
                                10.047738,
                                50.600478
                            ],
                            [
                                10.045723,
                                50.602235
                            ],
                            [
                                10.045878,
                                50.60549
                            ],
                            [
                                10.048359,
                                50.609547
                            ],
                            [
                                10.058591,
                                50.616833
                            ],
                            [
                                10.064998,
                                50.619004
                            ],
                            [
                                10.069804,
                                50.619236
                            ],
                            [
                                10.07244,
                                50.617841
                            ],
                            [
                                10.0743,
                                50.619624
                            ],
                            [
                                10.076005,
                                50.622001
                            ],
                            [
                                10.07368,
                                50.645152
                            ],
                            [
                                10.062828,
                                50.662954
                            ],
                            [
                                10.060348,
                                50.665874
                            ],
                            [
                                10.056885,
                                50.66776
                            ],
                            [
                                10.052079,
                                50.669569
                            ],
                            [
                                10.042623,
                                50.671274
                            ],
                            [
                                10.025104,
                                50.672618
                            ],
                            [
                                10.008361,
                                50.676184
                            ],
                            [
                                10.004175,
                                50.676545
                            ],
                            [
                                9.997612,
                                50.676235
                            ],
                            [
                                9.990636,
                                50.674427
                            ],
                            [
                                9.977924,
                                50.668846
                            ],
                            [
                                9.970792,
                                50.666572
                            ],
                            [
                                9.954514,
                                50.663885
                            ],
                            [
                                9.950949,
                                50.662748
                            ],
                            [
                                9.948623,
                                50.660732
                            ],
                            [
                                9.947176,
                                50.658355
                            ],
                            [
                                9.946711,
                                50.655513
                            ],
                            [
                                9.947331,
                                50.652929
                            ],
                            [
                                9.949553,
                                50.650294
                            ],
                            [
                                9.95746,
                                50.644299
                            ],
                            [
                                9.95994,
                                50.64187
                            ],
                            [
                                9.960405,
                                50.639648
                            ],
                            [
                                9.95715,
                                50.635359
                            ],
                            [
                                9.954204,
                                50.630192
                            ],
                            [
                                9.951414,
                                50.628383
                            ],
                            [
                                9.947693,
                                50.627427
                            ],
                            [
                                9.9433,
                                50.627143
                            ],
                            [
                                9.933999,
                                50.628047
                            ],
                            [
                                9.925782,
                                50.630062
                            ],
                            [
                                9.909659,
                                50.63678
                            ],
                            [
                                9.905473,
                                50.637555
                            ],
                            [
                                9.901598,
                                50.637271
                            ],
                            [
                                9.898032,
                                50.636341
                            ],
                            [
                                9.894621,
                                50.635049
                            ],
                            [
                                9.886973,
                                50.63324
                            ],
                            [
                                9.882632,
                                50.634016
                            ],
                            [
                                9.879532,
                                50.637116
                            ],
                            [
                                9.877671,
                                50.643602
                            ],
                            [
                                9.878446,
                                50.652051
                            ],
                            [
                                9.878136,
                                50.657012
                            ],
                            [
                                9.879067,
                                50.662102
                            ],
                            [
                                9.881237,
                                50.667114
                            ],
                            [
                                9.888213,
                                50.675925
                            ],
                            [
                                9.893071,
                                50.679878
                            ],
                            [
                                9.897412,
                                50.682488
                            ],
                            [
                                9.900977,
                                50.683573
                            ],
                            [
                                9.904078,
                                50.684969
                            ],
                            [
                                9.906713,
                                50.686777
                            ],
                            [
                                9.913225,
                                50.692668
                            ],
                            [
                                9.914,
                                50.695252
                            ],
                            [
                                9.91214,
                                50.699929
                            ],
                            [
                                9.912605,
                                50.704554
                            ],
                            [
                                9.91648,
                                50.711427
                            ],
                            [
                                9.930123,
                                50.727188
                            ],
                            [
                                9.933379,
                                50.732821
                            ],
                            [
                                9.934774,
                                50.736697
                            ],
                            [
                                9.936014,
                                50.742562
                            ],
                            [
                                9.936014,
                                50.748789
                            ],
                            [
                                9.935549,
                                50.750985
                            ],
                            [
                                9.932138,
                                50.755636
                            ],
                            [
                                9.920666,
                                50.763775
                            ],
                            [
                                9.926092,
                                50.773232
                            ],
                            [
                                9.931053,
                                50.774317
                            ],
                            [
                                9.935549,
                                50.775919
                            ],
                            [
                                9.938805,
                                50.776436
                            ],
                            [
                                9.940975,
                                50.775893
                            ],
                            [
                                9.94268,
                                50.774472
                            ],
                            [
                                9.944851,
                                50.774472
                            ],
                            [
                                9.946246,
                                50.776591
                            ],
                            [
                                9.945781,
                                50.781242
                            ],
                            [
                                9.945006,
                                50.78473
                            ],
                            [
                                9.942835,
                                50.790337
                            ],
                            [
                                9.94206,
                                50.793179
                            ],
                            [
                                9.942215,
                                50.796435
                            ],
                            [
                                9.94268,
                                50.799587
                            ],
                            [
                                9.944386,
                                50.802739
                            ],
                            [
                                9.949708,
                                50.809948
                            ],
                            [
                                9.949863,
                                50.812713
                            ],
                            [
                                9.949398,
                                50.815193
                            ],
                            [
                                9.951879,
                                50.817544
                            ],
                            [
                                9.95777,
                                50.820309
                            ],
                            [
                                9.972498,
                                50.824288
                            ],
                            [
                                9.992496,
                                50.825839
                            ],
                            [
                                9.998232,
                                50.827337
                            ],
                            [
                                10.007121,
                                50.830644
                            ],
                            [
                                10.013477,
                                50.831549
                            ],
                            [
                                10.018748,
                                50.831678
                            ],
                            [
                                10.023089,
                                50.833306
                            ],
                            [
                                10.026034,
                                50.837026
                            ],
                            [
                                10.02681,
                                50.846819
                            ],
                            [
                                10.023244,
                                50.854364
                            ],
                            [
                                10.026034,
                                50.858756
                            ],
                            [
                                10.02898,
                                50.862374
                            ],
                            [
                                10.055955,
                                50.882631
                            ],
                            [
                                10.047583,
                                50.88878
                            ],
                            [
                                10.044173,
                                50.892501
                            ],
                            [
                                10.039367,
                                50.901493
                            ],
                            [
                                10.035956,
                                50.905653
                            ],
                            [
                                10.032701,
                                50.908753
                            ],
                            [
                                10.021384,
                                50.915265
                            ],
                            [
                                10.011307,
                                50.919631
                            ],
                            [
                                10.008516,
                                50.92051
                            ],
                            [
                                10.006191,
                                50.920975
                            ],
                            [
                                10.002728,
                                50.921078
                            ],
                            [
                                10.000248,
                                50.920768
                            ],
                            [
                                9.997457,
                                50.920122
                            ],
                            [
                                9.994667,
                                50.919063
                            ],
                            [
                                9.992031,
                                50.917564
                            ],
                            [
                                9.989861,
                                50.915807
                            ],
                            [
                                9.98769,
                                50.913792
                            ],
                            [
                                9.98583,
                                50.911415
                            ],
                            [
                                9.983505,
                                50.909399
                            ],
                            [
                                9.980869,
                                50.907642
                            ],
                            [
                                9.977769,
                                50.906454
                            ],
                            [
                                9.974203,
                                50.906144
                            ],
                            [
                                9.971567,
                                50.908986
                            ],
                            [
                                9.970327,
                                50.914205
                            ],
                            [
                                9.971412,
                                50.925677
                            ],
                            [
                                9.969707,
                                50.929088
                            ],
                            [
                                9.967227,
                                50.930122
                            ],
                            [
                                9.962111,
                                50.926478
                            ],
                            [
                                9.95932,
                                50.925057
                            ],
                            [
                                9.955599,
                                50.924799
                            ],
                            [
                                9.952654,
                                50.926504
                            ],
                            [
                                9.951259,
                                50.929734
                            ],
                            [
                                9.951879,
                                50.935909
                            ],
                            [
                                9.953274,
                                50.938958
                            ],
                            [
                                9.955909,
                                50.941852
                            ],
                            [
                                9.962731,
                                50.943118
                            ],
                            [
                                9.967692,
                                50.943247
                            ],
                            [
                                9.971102,
                                50.942317
                            ],
                            [
                                9.972963,
                                50.940974
                            ],
                            [
                                9.974668,
                                50.940043
                            ],
                            [
                                9.978079,
                                50.939423
                            ],
                            [
                                10.013322,
                                50.937046
                            ],
                            [
                                10.025414,
                                50.938028
                            ],
                            [
                                10.041382,
                                50.940922
                            ],
                            [
                                10.044638,
                                50.943867
                            ],
                            [
                                10.046033,
                                50.949035
                            ],
                            [
                                10.043088,
                                50.961644
                            ],
                            [
                                10.037352,
                                50.968465
                            ],
                            [
                                10.033011,
                                50.972574
                            ],
                            [
                                10.02929,
                                50.974305
                            ],
                            [
                                10.026344,
                                50.97601
                            ],
                            [
                                10.023554,
                                50.982108
                            ],
                            [
                                10.026189,
                                50.995725
                            ],
                            [
                                10.051149,
                                51.007016
                            ],
                            [
                                10.063138,
                                51.008644
                            ],
                            [
                                10.093369,
                                51.008515
                            ],
                            [
                                10.104376,
                                51.005853
                            ],
                            [
                                10.107631,
                                51.005983
                            ],
                            [
                                10.11807,
                                51.008799
                            ],
                            [
                                10.121171,
                                51.009031
                            ],
                            [
                                10.123186,
                                51.008024
                            ],
                            [
                                10.123651,
                                51.005698
                            ],
                            [
                                10.122411,
                                51.001177
                            ],
                            [
                                10.122411,
                                51.000143
                            ],
                            [
                                10.122721,
                                50.999316
                            ],
                            [
                                10.124271,
                                50.998076
                            ],
                            [
                                10.129542,
                                50.995596
                            ],
                            [
                                10.133263,
                                50.994562
                            ],
                            [
                                10.137914,
                                50.993994
                            ],
                            [
                                10.14303,
                                50.993839
                            ],
                            [
                                10.165044,
                                50.996422
                            ],
                            [
                                10.187885,
                                50.995699
                            ],
                            [
                                10.191141,
                                50.996629
                            ],
                            [
                                10.194086,
                                50.99929
                            ],
                            [
                                10.208659,
                                51.020865
                            ],
                            [
                                10.209589,
                                51.024483
                            ],
                            [
                                10.207574,
                                51.028824
                            ],
                            [
                                10.205403,
                                51.031717
                            ],
                            [
                                10.198272,
                                51.038125
                            ],
                            [
                                10.195171,
                                51.042905
                            ],
                            [
                                10.193156,
                                51.044843
                            ],
                            [
                                10.18959,
                                51.045877
                            ],
                            [
                                10.175948,
                                51.046135
                            ],
                            [
                                10.172072,
                                51.04691
                            ],
                            [
                                10.168765,
                                51.048306
                            ],
                            [
                                10.163184,
                                51.051613
                            ],
                            [
                                10.159928,
                                51.052982
                            ],
                            [
                                10.155742,
                                51.05368
                            ],
                            [
                                10.14644,
                                51.0543
                            ],
                            [
                                10.14241,
                                51.05523
                            ],
                            [
                                10.141014,
                                51.058693
                            ],
                            [
                                10.141324,
                                51.064067
                            ],
                            [
                                10.14427,
                                51.07417
                            ],
                            [
                                10.147371,
                                51.081172
                            ],
                            [
                                10.152022,
                                51.089182
                            ],
                            [
                                10.165199,
                                51.102514
                            ],
                            [
                                10.168765,
                                51.110731
                            ],
                            [
                                10.169075,
                                51.115485
                            ],
                            [
                                10.165664,
                                51.117268
                            ],
                            [
                                10.147216,
                                51.119309
                            ],
                            [
                                10.143495,
                                51.120136
                            ],
                            [
                                10.140394,
                                51.121583
                            ],
                            [
                                10.138379,
                                51.123598
                            ],
                            [
                                10.136829,
                                51.125924
                            ],
                            [
                                10.135743,
                                51.128507
                            ],
                            [
                                10.134193,
                                51.130833
                            ],
                            [
                                10.132023,
                                51.132952
                            ],
                            [
                                10.129232,
                                51.134657
                            ],
                            [
                                10.125977,
                                51.136104
                            ],
                            [
                                10.127837,
                                51.138274
                            ],
                            [
                                10.134348,
                                51.141065
                            ],
                            [
                                10.156517,
                                51.144966
                            ],
                            [
                                10.166439,
                                51.145406
                            ],
                            [
                                10.173622,
                                51.144837
                            ],
                            [
                                10.177498,
                                51.142202
                            ],
                            [
                                10.185404,
                                51.135122
                            ],
                            [
                                10.186335,
                                51.133055
                            ],
                            [
                                10.18587,
                                51.130884
                            ],
                            [
                                10.184629,
                                51.129334
                            ],
                            [
                                10.185094,
                                51.127836
                            ],
                            [
                                10.18556,
                                51.127009
                            ],
                            [
                                10.191451,
                                51.124012
                            ],
                            [
                                10.193621,
                                51.122358
                            ],
                            [
                                10.194861,
                                51.118017
                            ],
                            [
                                10.196412,
                                51.115873
                            ],
                            [
                                10.198737,
                                51.116338
                            ],
                            [
                                10.202768,
                                51.120213
                            ],
                            [
                                10.207574,
                                51.14091
                            ],
                            [
                                10.207729,
                                51.146853
                            ],
                            [
                                10.208504,
                                51.151142
                            ],
                            [
                                10.214085,
                                51.16127
                            ],
                            [
                                10.229174,
                                51.172897
                            ],
                            [
                                10.232585,
                                51.178582
                            ],
                            [
                                10.232895,
                                51.179874
                            ],
                            [
                                10.231965,
                                51.182509
                            ],
                            [
                                10.23026,
                                51.184318
                            ],
                            [
                                10.217185,
                                51.18747
                            ],
                            [
                                10.197032,
                                51.194705
                            ],
                            [
                                10.186335,
                                51.200958
                            ],
                            [
                                10.172847,
                                51.206074
                            ],
                            [
                                10.163184,
                                51.206849
                            ],
                            [
                                10.153882,
                                51.206332
                            ],
                            [
                                10.148456,
                                51.206952
                            ],
                            [
                                10.1421,
                                51.208606
                            ],
                            [
                                10.133263,
                                51.212947
                            ],
                            [
                                10.127372,
                                51.21398
                            ],
                            [
                                10.117295,
                                51.214704
                            ],
                            [
                                10.111817,
                                51.215582
                            ],
                            [
                                10.105151,
                                51.217494
                            ],
                            [
                                10.100345,
                                51.218114
                            ],
                            [
                                10.096159,
                                51.219303
                            ],
                            [
                                10.089648,
                                51.221938
                            ],
                            [
                                10.085772,
                                51.222869
                            ],
                            [
                                10.081276,
                                51.22323
                            ],
                            [
                                10.077246,
                                51.224884
                            ],
                            [
                                10.07399,
                                51.22783
                            ],
                            [
                                10.07182,
                                51.239431
                            ],
                            [
                                10.069339,
                                51.243642
                            ],
                            [
                                10.05363,
                                51.251704
                            ],
                            [
                                10.050994,
                                51.253978
                            ],
                            [
                                10.048514,
                                51.25775
                            ],
                            [
                                10.048514,
                                51.262892
                            ],
                            [
                                10.053785,
                                51.271005
                            ],
                            [
                                10.052544,
                                51.273873
                            ],
                            [
                                10.049134,
                                51.27656
                            ],
                            [
                                10.040297,
                                51.279093
                            ],
                            [
                                10.025104,
                                51.280023
                            ],
                            [
                                10.002418,
                                51.285965
                            ],
                            [
                                9.999783,
                                51.286327
                            ],
                            [
                                9.988776,
                                51.28563
                            ],
                            [
                                9.98397,
                                51.285785
                            ],
                            [
                                9.978854,
                                51.287955
                            ],
                            [
                                9.972808,
                                51.291547
                            ],
                            [
                                9.964746,
                                51.299918
                            ],
                            [
                                9.958545,
                                51.30276
                            ],
                            [
                                9.953584,
                                51.303794
                            ],
                            [
                                9.949863,
                                51.303019
                            ],
                            [
                                9.947021,
                                51.303949
                            ],
                            [
                                9.944851,
                                51.308031
                            ],
                            [
                                9.945781,
                                51.317436
                            ],
                            [
                                9.942835,
                                51.326583
                            ],
                            [
                                9.940665,
                                51.331492
                            ],
                            [
                                9.937254,
                                51.334231
                            ],
                            [
                                9.931673,
                                51.33759
                            ],
                            [
                                9.929813,
                                51.339657
                            ],
                            [
                                9.928728,
                                51.342293
                            ],
                            [
                                9.927797,
                                51.348339
                            ],
                            [
                                9.926712,
                                51.351
                            ],
                            [
                                9.925162,
                                51.3533
                            ],
                            [
                                9.923767,
                                51.356297
                            ],
                            [
                                9.923457,
                                51.360276
                            ],
                            [
                                9.926712,
                                51.36733
                            ],
                            [
                                9.930433,
                                51.371697
                            ],
                            [
                                9.949243,
                                51.381799
                            ],
                            [
                                10.000093,
                                51.408232
                            ],
                            [
                                10.011462,
                                51.416759
                            ],
                            [
                                10.017663,
                                51.419497
                            ],
                            [
                                10.032081,
                                51.4242
                            ],
                            [
                                10.037041,
                                51.427559
                            ],
                            [
                                10.039677,
                                51.430556
                            ],
                            [
                                10.041692,
                                51.432261
                            ],
                            [
                                10.045723,
                                51.432106
                            ],
                            [
                                10.066084,
                                51.420944
                            ],
                            [
                                10.069184,
                                51.420066
                            ],
                            [
                                10.07337,
                                51.420841
                            ],
                            [
                                10.078796,
                                51.42513
                            ],
                            [
                                10.084687,
                                51.431073
                            ],
                            [
                                10.099725,
                                51.433037
                            ],
                            [
                                10.149696,
                                51.431796
                            ],
                            [
                                10.146595,
                                51.437171
                            ],
                            [
                                10.146285,
                                51.438282
                            ],
                            [
                                10.146751,
                                51.440633
                            ],
                            [
                                10.149851,
                                51.442649
                            ],
                            [
                                10.163339,
                                51.444819
                            ],
                            [
                                10.168455,
                                51.446653
                            ],
                            [
                                10.172227,
                                51.449341
                            ],
                            [
                                10.179823,
                                51.458177
                            ],
                            [
                                10.181994,
                                51.461355
                            ],
                            [
                                10.182149,
                                51.462802
                            ],
                            [
                                10.181219,
                                51.464559
                            ],
                            [
                                10.179978,
                                51.466161
                            ],
                            [
                                10.179668,
                                51.467531
                            ],
                            [
                                10.180134,
                                51.469675
                            ],
                            [
                                10.181374,
                                51.471871
                            ],
                            [
                                10.183544,
                                51.474016
                            ],
                            [
                                10.18587,
                                51.47598
                            ],
                            [
                                10.18959,
                                51.477892
                            ],
                            [
                                10.194706,
                                51.47939
                            ],
                            [
                                10.204473,
                                51.480114
                            ],
                            [
                                10.209589,
                                51.479494
                            ],
                            [
                                10.212845,
                                51.478047
                            ],
                            [
                                10.213465,
                                51.477013
                            ],
                            [
                                10.21393,
                                51.475153
                            ],
                            [
                                10.214395,
                                51.474016
                            ],
                            [
                                10.2161,
                                51.472311
                            ],
                            [
                                10.218736,
                                51.470812
                            ],
                            [
                                10.222767,
                                51.470037
                            ],
                            [
                                10.232275,
                                51.470089
                            ],
                            [
                                10.239561,
                                51.472104
                            ],
                            [
                                10.282505,
                                51.489441
                            ],
                            [
                                10.286897,
                                51.490062
                            ],
                            [
                                10.291238,
                                51.491276
                            ],
                            [
                                10.294493,
                                51.493498
                            ],
                            [
                                10.297439,
                                51.49988
                            ],
                            [
                                10.298679,
                                51.504092
                            ],
                            [
                                10.301625,
                                51.507218
                            ],
                            [
                                10.306431,
                                51.510551
                            ],
                            [
                                10.323794,
                                51.517269
                            ],
                            [
                                10.332321,
                                51.519801
                            ],
                            [
                                10.335111,
                                51.521197
                            ],
                            [
                                10.337282,
                                51.522954
                            ],
                            [
                                10.338212,
                                51.525951
                            ],
                            [
                                10.341364,
                                51.528948
                            ],
                            [
                                10.357642,
                                51.536389
                            ],
                            [
                                10.364618,
                                51.542436
                            ],
                            [
                                10.375315,
                                51.560677
                            ],
                            [
                                10.377951,
                                51.56631
                            ],
                            [
                                10.379501,
                                51.571995
                            ],
                            [
                                10.379346,
                                51.574682
                            ],
                            [
                                10.378571,
                                51.576775
                            ],
                            [
                                10.377796,
                                51.578041
                            ],
                            [
                                10.37485,
                                51.580935
                            ],
                            [
                                10.37423,
                                51.581761
                            ],
                            [
                                10.374075,
                                51.582588
                            ],
                            [
                                10.374075,
                                51.584035
                            ],
                            [
                                10.37485,
                                51.58574
                            ],
                            [
                                10.378416,
                                51.586774
                            ],
                            [
                                10.385237,
                                51.587808
                            ],
                            [
                                10.400482,
                                51.587962
                            ],
                            [
                                10.414279,
                                51.589823
                            ],
                            [
                                10.421721,
                                51.591864
                            ],
                            [
                                10.431023,
                                51.590701
                            ],
                            [
                                10.478823,
                                51.574708
                            ],
                            [
                                10.514222,
                                51.556285
                            ],
                            [
                                10.526624,
                                51.555406
                            ],
                            [
                                10.557475,
                                51.556595
                            ],
                            [
                                10.561971,
                                51.557422
                            ],
                            [
                                10.610391,
                                51.572563
                            ],
                            [
                                10.618453,
                                51.573441
                            ],
                            [
                                10.624396,
                                51.573157
                            ],
                            [
                                10.638348,
                                51.563545
                            ],
                            [
                                10.641604,
                                51.56215
                            ],
                            [
                                10.645325,
                                51.561143
                            ],
                            [
                                10.649976,
                                51.562486
                            ],
                            [
                                10.653386,
                                51.565793
                            ],
                            [
                                10.655402,
                                51.574423
                            ],
                            [
                                10.654161,
                                51.578247
                            ],
                            [
                                10.652301,
                                51.580805
                            ],
                            [
                                10.650596,
                                51.581658
                            ],
                            [
                                10.640829,
                                51.588583
                            ],
                            [
                                10.635093,
                                51.595197
                            ],
                            [
                                10.630752,
                                51.599176
                            ],
                            [
                                10.629202,
                                51.600985
                            ],
                            [
                                10.629667,
                                51.603207
                            ],
                            [
                                10.631372,
                                51.607031
                            ],
                            [
                                10.64889,
                                51.619744
                            ],
                            [
                                10.697621,
                                51.637365
                            ],
                            [
                                10.669044,
                                51.66987
                            ],
                            [
                                10.669199,
                                51.692969
                            ],
                            [
                                10.668269,
                                51.698292
                            ],
                            [
                                10.664083,
                                51.707232
                            ],
                            [
                                10.661138,
                                51.711004
                            ],
                            [
                                10.658192,
                                51.713666
                            ],
                            [
                                10.64641,
                                51.719841
                            ],
                            [
                                10.64424,
                                51.721339
                            ],
                            [
                                10.638193,
                                51.731365
                            ],
                            [
                                10.630132,
                                51.738393
                            ],
                            [
                                10.628272,
                                51.741183
                            ],
                            [
                                10.624551,
                                51.751622
                            ],
                            [
                                10.622225,
                                51.755549
                            ],
                            [
                                10.619228,
                                51.758546
                            ],
                            [
                                10.616128,
                                51.760045
                            ],
                            [
                                10.609151,
                                51.762732
                            ],
                            [
                                10.60295,
                                51.765781
                            ],
                            [
                                10.597679,
                                51.76945
                            ],
                            [
                                10.595509,
                                51.771466
                            ],
                            [
                                10.590393,
                                51.775083
                            ],
                            [
                                10.585277,
                                51.777925
                            ],
                            [
                                10.583881,
                                51.780302
                            ],
                            [
                                10.582486,
                                51.784488
                            ],
                            [
                                10.580006,
                                51.796632
                            ],
                            [
                                10.578921,
                                51.799629
                            ],
                            [
                                10.5783,
                                51.800404
                            ],
                            [
                                10.577835,
                                51.80521
                            ],
                            [
                                10.580161,
                                51.830273
                            ],
                            [
                                10.580161,
                                51.844898
                            ],
                            [
                                10.582176,
                                51.84774
                            ],
                            [
                                10.587137,
                                51.850996
                            ],
                            [
                                10.600625,
                                51.854561
                            ],
                            [
                                10.604345,
                                51.856318
                            ],
                            [
                                10.607601,
                                51.85885
                            ],
                            [
                                10.611012,
                                51.863553
                            ],
                            [
                                10.614422,
                                51.866188
                            ],
                            [
                                10.618143,
                                51.867997
                            ],
                            [
                                10.625791,
                                51.869935
                            ],
                            [
                                10.628737,
                                51.871459
                            ],
                            [
                                10.630907,
                                51.873656
                            ],
                            [
                                10.634318,
                                51.878643
                            ],
                            [
                                10.636333,
                                51.880658
                            ],
                            [
                                10.638503,
                                51.88226
                            ],
                            [
                                10.639899,
                                51.883552
                            ],
                            [
                                10.640984,
                                51.886652
                            ],
                            [
                                10.641139,
                                51.891562
                            ],
                            [
                                10.638193,
                                51.906755
                            ],
                            [
                                10.635248,
                                51.91156
                            ],
                            [
                                10.631837,
                                51.913679
                            ],
                            [
                                10.615042,
                                51.920707
                            ],
                            [
                                10.613492,
                                51.923136
                            ],
                            [
                                10.613027,
                                51.924531
                            ],
                            [
                                10.615042,
                                51.934246
                            ],
                            [
                                10.618143,
                                51.943445
                            ],
                            [
                                10.623621,
                                51.947579
                            ],
                            [
                                10.626876,
                                51.948922
                            ],
                            [
                                10.641759,
                                51.953057
                            ],
                            [
                                10.644395,
                                51.954814
                            ],
                            [
                                10.64548,
                                51.957087
                            ],
                            [
                                10.64455,
                                51.958689
                            ],
                            [
                                10.641914,
                                51.958922
                            ],
                            [
                                10.634783,
                                51.957656
                            ],
                            [
                                10.629357,
                                51.958302
                            ],
                            [
                                10.624706,
                                51.960291
                            ],
                            [
                                10.618608,
                                51.966053
                            ],
                            [
                                10.615352,
                                51.968404
                            ],
                            [
                                10.590238,
                                51.976156
                            ],
                            [
                                10.588532,
                                51.983752
                            ],
                            [
                                10.587757,
                                51.985354
                            ],
                            [
                                10.586207,
                                51.987163
                            ],
                            [
                                10.572719,
                                51.998609
                            ],
                            [
                                10.571169,
                                52.00034
                            ],
                            [
                                10.570549,
                                52.001219
                            ],
                            [
                                10.570084,
                                52.002149
                            ],
                            [
                                10.569619,
                                52.00419
                            ],
                            [
                                10.570084,
                                52.0068
                            ],
                            [
                                10.573805,
                                52.008867
                            ],
                            [
                                10.580006,
                                52.010314
                            ],
                            [
                                10.609306,
                                52.008195
                            ],
                            [
                                10.615042,
                                52.008815
                            ],
                            [
                                10.621605,
                                52.010521
                            ],
                            [
                                10.635093,
                                52.017756
                            ],
                            [
                                10.643309,
                                52.024473
                            ],
                            [
                                10.651216,
                                52.029796
                            ],
                            [
                                10.652146,
                                52.03238
                            ],
                            [
                                10.651991,
                                52.035015
                            ],
                            [
                                10.651216,
                                52.037702
                            ],
                            [
                                10.651061,
                                52.040286
                            ],
                            [
                                10.652456,
                                52.042612
                            ],
                            [
                                10.660828,
                                52.044731
                            ],
                            [
                                10.717465,
                                52.050234
                            ],
                            [
                                10.850325,
                                52.05026
                            ],
                            [
                                10.876215,
                                52.056668
                            ],
                            [
                                10.896214,
                                52.058528
                            ],
                            [
                                10.945565,
                                52.057701
                            ],
                            [
                                10.955538,
                                52.05796
                            ],
                            [
                                10.959052,
                                52.05858
                            ],
                            [
                                10.96298,
                                52.05982
                            ],
                            [
                                10.965925,
                                52.061422
                            ],
                            [
                                10.968406,
                                52.064574
                            ],
                            [
                                10.969956,
                                52.068915
                            ],
                            [
                                10.970731,
                                52.07708
                            ],
                            [
                                10.970111,
                                52.081214
                            ],
                            [
                                10.969336,
                                52.083539
                            ],
                            [
                                10.967166,
                                52.084935
                            ],
                            [
                                10.951766,
                                52.092221
                            ],
                            [
                                10.949441,
                                52.093668
                            ],
                            [
                                10.94851,
                                52.094857
                            ],
                            [
                                10.947735,
                                52.096975
                            ],
                            [
                                10.94882,
                                52.09974
                            ],
                            [
                                10.951611,
                                52.102376
                            ],
                            [
                                10.958122,
                                52.10483
                            ],
                            [
                                10.9929,
                                52.1116
                            ],
                            [
                                11.013829,
                                52.118938
                            ],
                            [
                                11.038221,
                                52.131702
                            ],
                            [
                                11.043337,
                                52.1355
                            ],
                            [
                                11.048298,
                                52.139712
                            ],
                            [
                                11.056514,
                                52.148859
                            ],
                            [
                                11.057909,
                                52.152838
                            ],
                            [
                                11.057909,
                                52.158005
                            ],
                            [
                                11.054344,
                                52.168392
                            ],
                            [
                                11.050468,
                                52.171699
                            ],
                            [
                                11.045972,
                                52.173146
                            ],
                            [
                                11.041631,
                                52.172836
                            ],
                            [
                                11.037135,
                                52.173327
                            ],
                            [
                                11.03326,
                                52.174438
                            ],
                            [
                                11.030004,
                                52.175834
                            ],
                            [
                                11.027214,
                                52.177539
                            ],
                            [
                                11.025043,
                                52.179348
                            ],
                            [
                                11.022718,
                                52.181983
                            ],
                            [
                                11.019307,
                                52.186867
                            ],
                            [
                                11.019307,
                                52.189993
                            ],
                            [
                                11.020702,
                                52.19405
                            ],
                            [
                                11.029074,
                                52.206116
                            ],
                            [
                                11.03419,
                                52.209604
                            ],
                            [
                                11.037446,
                                52.211464
                            ],
                            [
                                11.057909,
                                52.217071
                            ],
                            [
                                11.072017,
                                52.218751
                            ],
                            [
                                11.07827,
                                52.220999
                            ],
                            [
                                11.080905,
                                52.222833
                            ],
                            [
                                11.082921,
                                52.225133
                            ],
                            [
                                11.084316,
                                52.22782
                            ],
                            [
                                11.085091,
                                52.230714
                            ],
                            [
                                11.085246,
                                52.240093
                            ],
                            [
                                11.084471,
                                52.243659
                            ],
                            [
                                11.082921,
                                52.247147
                            ],
                            [
                                11.078425,
                                52.250971
                            ],
                            [
                                11.075634,
                                52.251281
                            ],
                            [
                                11.073464,
                                52.250764
                            ],
                            [
                                11.072637,
                                52.249938
                            ],
                            [
                                11.070467,
                                52.24694
                            ],
                            [
                                11.068503,
                                52.245028
                            ],
                            [
                                11.066333,
                                52.243504
                            ],
                            [
                                11.063645,
                                52.243685
                            ],
                            [
                                11.062715,
                                52.245907
                            ],
                            [
                                11.061785,
                                52.250868
                            ],
                            [
                                11.06225,
                                52.258516
                            ],
                            [
                                11.0607,
                                52.26141
                            ],
                            [
                                11.055894,
                                52.262598
                            ],
                            [
                                11.047987,
                                52.261203
                            ],
                            [
                                11.044577,
                                52.261772
                            ],
                            [
                                11.042096,
                                52.263477
                            ],
                            [
                                11.037446,
                                52.269006
                            ],
                            [
                                11.033415,
                                52.271125
                            ],
                            [
                                11.027214,
                                52.275156
                            ],
                            [
                                11.01476,
                                52.287403
                            ],
                            [
                                11.014139,
                                52.289677
                            ],
                            [
                                11.01569,
                                52.291692
                            ],
                            [
                                11.021012,
                                52.295723
                            ],
                            [
                                11.032019,
                                52.301382
                            ],
                            [
                                11.033725,
                                52.303707
                            ],
                            [
                                11.033725,
                                52.306472
                            ],
                            [
                                11.030469,
                                52.310192
                            ],
                            [
                                11.027524,
                                52.312259
                            ],
                            [
                                11.026128,
                                52.31381
                            ],
                            [
                                11.025198,
                                52.31598
                            ],
                            [
                                11.024733,
                                52.318306
                            ],
                            [
                                11.023958,
                                52.320424
                            ],
                            [
                                11.022873,
                                52.321639
                            ],
                            [
                                11.020702,
                                52.323163
                            ],
                            [
                                11.013829,
                                52.325799
                            ],
                            [
                                11.005923,
                                52.327685
                            ],
                            [
                                11.002977,
                                52.328848
                            ],
                            [
                                11.001737,
                                52.330449
                            ],
                            [
                                11.000807,
                                52.333343
                            ],
                            [
                                11.000032,
                                52.338149
                            ],
                            [
                                10.999257,
                                52.34032
                            ],
                            [
                                10.999257,
                                52.34249
                            ],
                            [
                                11.001427,
                                52.34373
                            ],
                            [
                                11.008403,
                                52.346314
                            ],
                            [
                                11.018997,
                                52.348743
                            ],
                            [
                                11.047057,
                                52.350965
                            ],
                            [
                                11.0638,
                                52.353833
                            ],
                            [
                                11.066746,
                                52.355694
                            ],
                            [
                                11.069123,
                                52.358458
                            ],
                            [
                                11.070467,
                                52.364737
                            ],
                            [
                                11.072017,
                                52.368535
                            ],
                            [
                                11.072999,
                                52.372178
                            ],
                            [
                                11.070053,
                                52.376545
                            ],
                            [
                                11.066953,
                                52.379749
                            ],
                            [
                                11.037601,
                                52.394838
                            ],
                            [
                                11.024423,
                                52.397216
                            ],
                            [
                                11.020857,
                                52.398301
                            ],
                            [
                                11.01538,
                                52.400626
                            ],
                            [
                                11.010729,
                                52.403468
                            ],
                            [
                                10.939054,
                                52.462121
                            ],
                            [
                                10.940449,
                                52.472766
                            ],
                            [
                                10.941379,
                                52.476435
                            ],
                            [
                                10.943239,
                                52.479588
                            ],
                            [
                                10.945255,
                                52.481603
                            ],
                            [
                                10.946185,
                                52.482843
                            ],
                            [
                                10.946805,
                                52.484187
                            ],
                            [
                                10.94727,
                                52.487804
                            ],
                            [
                                10.948355,
                                52.490181
                            ],
                            [
                                10.950061,
                                52.492455
                            ],
                            [
                                10.952541,
                                52.494419
                            ],
                            [
                                10.955642,
                                52.496047
                            ],
                            [
                                10.96267,
                                52.498346
                            ],
                            [
                                10.966855,
                                52.499121
                            ],
                            [
                                10.971351,
                                52.499586
                            ],
                            [
                                10.976002,
                                52.499483
                            ],
                            [
                                10.994451,
                                52.496899
                            ],
                            [
                                10.998947,
                                52.497054
                            ],
                            [
                                11.001737,
                                52.49814
                            ],
                            [
                                10.999567,
                                52.502584
                            ],
                            [
                                10.994141,
                                52.508992
                            ],
                            [
                                10.96639,
                                52.536199
                            ],
                            [
                                10.963755,
                                52.53806
                            ],
                            [
                                10.960809,
                                52.539687
                            ],
                            [
                                10.955848,
                                52.543382
                            ],
                            [
                                10.953678,
                                52.545475
                            ],
                            [
                                10.951301,
                                52.548989
                            ],
                            [
                                10.94913,
                                52.553743
                            ],
                            [
                                10.946495,
                                52.562942
                            ],
                            [
                                10.945875,
                                52.567929
                            ],
                            [
                                10.946495,
                                52.583612
                            ],
                            [
                                10.947115,
                                52.586351
                            ],
                            [
                                10.948355,
                                52.588935
                            ],
                            [
                                10.950371,
                                52.591157
                            ],
                            [
                                10.952696,
                                52.593276
                            ],
                            [
                                10.969336,
                                52.60436
                            ],
                            [
                                10.974297,
                                52.608314
                            ],
                            [
                                10.976312,
                                52.610587
                            ],
                            [
                                10.977708,
                                52.613171
                            ],
                            [
                                10.976777,
                                52.616272
                            ],
                            [
                                10.973367,
                                52.619321
                            ],
                            [
                                10.96329,
                                52.622111
                            ],
                            [
                                10.957192,
                                52.622525
                            ],
                            [
                                10.952076,
                                52.621801
                            ],
                            [
                                10.948665,
                                52.620509
                            ],
                            [
                                10.937348,
                                52.613843
                            ],
                            [
                                10.933783,
                                52.612913
                            ],
                            [
                                10.928202,
                                52.614205
                            ],
                            [
                                10.91983,
                                52.619476
                            ],
                            [
                                10.884897,
                                52.651412
                            ],
                            [
                                10.84707,
                                52.697352
                            ],
                            [
                                10.836941,
                                52.710271
                            ],
                            [
                                10.828724,
                                52.713785
                            ],
                            [
                                10.821748,
                                52.716059
                            ],
                            [
                                10.811206,
                                52.716059
                            ],
                            [
                                10.805935,
                                52.7181
                            ],
                            [
                                10.800974,
                                52.722467
                            ],
                            [
                                10.796168,
                                52.734094
                            ],
                            [
                                10.794773,
                                52.740373
                            ],
                            [
                                10.793843,
                                52.747943
                            ],
                            [
                                10.791672,
                                52.750372
                            ],
                            [
                                10.778753,
                                52.758382
                            ],
                            [
                                10.774257,
                                52.761689
                            ],
                            [
                                10.763715,
                                52.777347
                            ],
                            [
                                10.759375,
                                52.781688
                            ],
                            [
                                10.757979,
                                52.783626
                            ],
                            [
                                10.756894,
                                52.786494
                            ],
                            [
                                10.756739,
                                52.789491
                            ],
                            [
                                10.757359,
                                52.792437
                            ],
                            [
                                10.76015,
                                52.801351
                            ],
                            [
                                10.76015,
                                52.804297
                            ],
                            [
                                10.759995,
                                52.807242
                            ],
                            [
                                10.75922,
                                52.810007
                            ],
                            [
                                10.757049,
                                52.815175
                            ],
                            [
                                10.756739,
                                52.818172
                            ],
                            [
                                10.757824,
                                52.821737
                            ],
                            [
                                10.76046,
                                52.826492
                            ],
                            [
                                10.76077,
                                52.829954
                            ],
                            [
                                10.758599,
                                52.835096
                            ],
                            [
                                10.76201,
                                52.838377
                            ],
                            [
                                10.795393,
                                52.846335
                            ],
                            [
                                10.842522,
                                52.84848
                            ],
                            [
                                10.885517,
                                52.847162
                            ],
                            [
                                10.898901,
                                52.848919
                            ],
                            [
                                10.914094,
                                52.853725
                            ],
                            [
                                10.941689,
                                52.859074
                            ],
                            [
                                10.960654,
                                52.865146
                            ],
                            [
                                10.970421,
                                52.873104
                            ],
                            [
                                10.989335,
                                52.882121
                            ],
                            [
                                10.99166,
                                52.883904
                            ],
                            [
                                10.993055,
                                52.885997
                            ],
                            [
                                10.993521,
                                52.887625
                            ],
                            [
                                10.993676,
                                52.892637
                            ],
                            [
                                10.993986,
                                52.895505
                            ],
                            [
                                10.994761,
                                52.898477
                            ],
                            [
                                10.995846,
                                52.901371
                            ],
                            [
                                10.997396,
                                52.903903
                            ],
                            [
                                10.998792,
                                52.905867
                            ],
                            [
                                10.999877,
                                52.9069
                            ],
                            [
                                11.000652,
                                52.90765
                            ],
                            [
                                11.002512,
                                52.908709
                            ],
                            [
                                11.014656,
                                52.911861
                            ],
                            [
                                11.034345,
                                52.913076
                            ],
                            [
                                11.050778,
                                52.912274
                            ],
                            [
                                11.080905,
                                52.90752
                            ],
                            [
                                11.098889,
                                52.901422
                            ],
                            [
                                11.10664,
                                52.900596
                            ],
                            [
                                11.165293,
                                52.903257
                            ],
                            [
                                11.213559,
                                52.897753
                            ],
                            [
                                11.216969,
                                52.896255
                            ],
                            [
                                11.21976,
                                52.894446
                            ],
                            [
                                11.22224,
                                52.892482
                            ],
                            [
                                11.225341,
                                52.890984
                            ],
                            [
                                11.237898,
                                52.887857
                            ],
                            [
                                11.240896,
                                52.886152
                            ],
                            [
                                11.242911,
                                52.884059
                            ],
                            [
                                11.244306,
                                52.881579
                            ],
                            [
                                11.246167,
                                52.879563
                            ],
                            [
                                11.248182,
                                52.877858
                            ],
                            [
                                11.250507,
                                52.876928
                            ],
                            [
                                11.253298,
                                52.876153
                            ],
                            [
                                11.258104,
                                52.876308
                            ],
                            [
                                11.264305,
                                52.877548
                            ],
                            [
                                11.272832,
                                52.882095
                            ],
                            [
                                11.278723,
                                52.884318
                            ],
                            [
                                11.284459,
                                52.8853
                            ],
                            [
                                11.292262,
                                52.883181
                            ],
                            [
                                11.312881,
                                52.883801
                            ],
                            [
                                11.373704,
                                52.899562
                            ],
                            [
                                11.408741,
                                52.905246
                            ],
                            [
                                11.412358,
                                52.906435
                            ],
                            [
                                11.470391,
                                52.940076
                            ],
                            [
                                11.479382,
                                52.941239
                            ],
                            [
                                11.498296,
                                52.941833
                            ],
                            [
                                11.500156,
                                52.942609
                            ],
                            [
                                11.502017,
                                52.944159
                            ],
                            [
                                11.500466,
                                52.949533
                            ],
                            [
                                11.497986,
                                52.954494
                            ],
                            [
                                11.496591,
                                52.959972
                            ],
                            [
                                11.496281,
                                52.963021
                            ],
                            [
                                11.496281,
                                52.969403
                            ],
                            [
                                11.500931,
                                52.989143
                            ],
                            [
                                11.501862,
                                52.991908
                            ],
                            [
                                11.506823,
                                53.001132
                            ],
                            [
                                11.509768,
                                53.003845
                            ],
                            [
                                11.515091,
                                53.006739
                            ],
                            [
                                11.525168,
                                53.008238
                            ],
                            [
                                11.530749,
                                53.007695
                            ],
                            [
                                11.538965,
                                53.00555
                            ],
                            [
                                11.551988,
                                53.005654
                            ],
                            [
                                11.56191,
                                53.01002
                            ],
                            [
                                11.58134,
                                53.042861
                            ],
                            [
                                11.532299,
                                53.054643
                            ],
                            [
                                11.509303,
                                53.056503
                            ],
                            [
                                11.490699,
                                53.060741
                            ],
                            [
                                11.460934,
                                53.079422
                            ],
                            [
                                11.437938,
                                53.08384
                            ],
                            [
                                11.416854,
                                53.080895
                            ],
                            [
                                11.384246,
                                53.067123
                            ],
                            [
                                11.365643,
                                53.063997
                            ],
                            [
                                11.344145,
                                53.066322
                            ],
                            [
                                11.327609,
                                53.07242
                            ],
                            [
                                11.290918,
                                53.098516
                            ],
                            [
                                11.274517,
                                53.117061
                            ],
                            [
                                11.27409,
                                53.117544
                            ],
                            [
                                11.262445,
                                53.130711
                            ],
                            [
                                11.25583,
                                53.136188
                            ],
                            [
                                11.239707,
                                53.142028
                            ],
                            [
                                11.232317,
                                53.148797
                            ],
                            [
                                11.224669,
                                53.153035
                            ],
                            [
                                11.214489,
                                53.149004
                            ],
                            [
                                11.201363,
                                53.140478
                            ],
                            [
                                11.194335,
                                53.140943
                            ],
                            [
                                11.184052,
                                53.152105
                            ],
                            [
                                11.176145,
                                53.158874
                            ],
                            [
                                11.170409,
                                53.165463
                            ],
                            [
                                11.164518,
                                53.170863
                            ],
                            [
                                11.156146,
                                53.173861
                            ],
                            [
                                11.143434,
                                53.172672
                            ],
                            [
                                11.133099,
                                53.167608
                            ],
                            [
                                11.124934,
                                53.16213
                            ],
                            [
                                11.109276,
                                53.155774
                            ],
                            [
                                11.099716,
                                53.148539
                            ],
                            [
                                11.089432,
                                53.144198
                            ],
                            [
                                11.07765,
                                53.149004
                            ],
                            [
                                11.06809,
                                53.155516
                            ],
                            [
                                11.040081,
                                53.166393
                            ],
                            [
                                10.930217,
                                53.228457
                            ],
                            [
                                10.839266,
                                53.260108
                            ],
                            [
                                10.80733,
                                53.275637
                            ],
                            [
                                10.786815,
                                53.29344
                            ],
                            [
                                10.775136,
                                53.300235
                            ],
                            [
                                10.755809,
                                53.302948
                            ],
                            [
                                10.739428,
                                53.308452
                            ],
                            [
                                10.734622,
                                53.321707
                            ],
                            [
                                10.734312,
                                53.33783
                            ],
                            [
                                10.731573,
                                53.351989
                            ],
                            [
                                10.709714,
                                53.368345
                            ],
                            [
                                10.675504,
                                53.373693
                            ],
                            [
                                10.601245,
                                53.371833
                            ],
                            [
                                10.612097,
                                53.380928
                            ],
                            [
                                10.622225,
                                53.391005
                            ],
                            [
                                10.625791,
                                53.397258
                            ],
                            [
                                10.627186,
                                53.401547
                            ],
                            [
                                10.626721,
                                53.404441
                            ],
                            [
                                10.626411,
                                53.40749
                            ],
                            [
                                10.627186,
                                53.413691
                            ],
                            [
                                10.635403,
                                53.445239
                            ],
                            [
                                10.636798,
                                53.447875
                            ],
                            [
                                10.640829,
                                53.450975
                            ],
                            [
                                10.647185,
                                53.453947
                            ],
                            [
                                10.661138,
                                53.458184
                            ],
                            [
                                10.669044,
                                53.459269
                            ],
                            [
                                10.674625,
                                53.459399
                            ],
                            [
                                10.686304,
                                53.456841
                            ],
                            [
                                10.690955,
                                53.457719
                            ],
                            [
                                10.694521,
                                53.460096
                            ],
                            [
                                10.697156,
                                53.465419
                            ],
                            [
                                10.698551,
                                53.469372
                            ],
                            [
                                10.701652,
                                53.475548
                            ],
                            [
                                10.704288,
                                53.47777
                            ],
                            [
                                10.708163,
                                53.479449
                            ],
                            [
                                10.725682,
                                53.481129
                            ],
                            [
                                10.745112,
                                53.485883
                            ],
                            [
                                10.755344,
                                53.486942
                            ],
                            [
                                10.76015,
                                53.488157
                            ],
                            [
                                10.80485,
                                53.509396
                            ],
                            [
                                10.820353,
                                53.514796
                            ],
                            [
                                10.822523,
                                53.516475
                            ],
                            [
                                10.821438,
                                53.519834
                            ],
                            [
                                10.821903,
                                53.522831
                            ],
                            [
                                10.823608,
                                53.52849
                            ],
                            [
                                10.823918,
                                53.531281
                            ],
                            [
                                10.825624,
                                53.534717
                            ],
                            [
                                10.832445,
                                53.544071
                            ],
                            [
                                10.833375,
                                53.547791
                            ],
                            [
                                10.83322,
                                53.551021
                            ],
                            [
                                10.83105,
                                53.556344
                            ],
                            [
                                10.828569,
                                53.564638
                            ],
                            [
                                10.828259,
                                53.567428
                            ],
                            [
                                10.829655,
                                53.570064
                            ],
                            [
                                10.83322,
                                53.571873
                            ],
                            [
                                10.841437,
                                53.571873
                            ],
                            [
                                10.849705,
                                53.569108
                            ],
                            [
                                10.853271,
                                53.568359
                            ],
                            [
                                10.857767,
                                53.568204
                            ],
                            [
                                10.903552,
                                53.572338
                            ],
                            [
                                10.907738,
                                53.572208
                            ],
                            [
                                10.911458,
                                53.571356
                            ],
                            [
                                10.914869,
                                53.569702
                            ],
                            [
                                10.917194,
                                53.567738
                            ],
                            [
                                10.919055,
                                53.565413
                            ],
                            [
                                10.920605,
                                53.563087
                            ],
                            [
                                10.921845,
                                53.560504
                            ],
                            [
                                10.922931,
                                53.554638
                            ],
                            [
                                10.923861,
                                53.551848
                            ],
                            [
                                10.926031,
                                53.549858
                            ],
                            [
                                10.928977,
                                53.548463
                            ],
                            [
                                10.933473,
                                53.5496
                            ],
                            [
                                10.938123,
                                53.552545
                            ],
                            [
                                10.944325,
                                53.559728
                            ],
                            [
                                10.949751,
                                53.562519
                            ],
                            [
                                10.953316,
                                53.564793
                            ],
                            [
                                10.954401,
                                53.566136
                            ],
                            [
                                10.950991,
                                53.567867
                            ],
                            [
                                10.943394,
                                53.568798
                            ],
                            [
                                10.942309,
                                53.569702
                            ],
                            [
                                10.949596,
                                53.572079
                            ],
                            [
                                10.953006,
                                53.573681
                            ],
                            [
                                10.953781,
                                53.57797
                            ],
                            [
                                10.952696,
                                53.584378
                            ],
                            [
                                10.940604,
                                53.611405
                            ],
                            [
                                10.939829,
                                53.628716
                            ],
                            [
                                10.947735,
                                53.630784
                            ],
                            [
                                10.953161,
                                53.634272
                            ],
                            [
                                10.954918,
                                53.636623
                            ],
                            [
                                10.955952,
                                53.639104
                            ],
                            [
                                10.955952,
                                53.641842
                            ],
                            [
                                10.955642,
                                53.644581
                            ],
                            [
                                10.956158,
                                53.647656
                            ],
                            [
                                10.956469,
                                53.650343
                            ],
                            [
                                10.956158,
                                53.652901
                            ],
                            [
                                10.955022,
                                53.655459
                            ],
                            [
                                10.946495,
                                53.664942
                            ],
                            [
                                10.94541,
                                53.668146
                            ],
                            [
                                10.9451,
                                53.671324
                            ],
                            [
                                10.94572,
                                53.674114
                            ],
                            [
                                10.945565,
                                53.67706
                            ],
                            [
                                10.942774,
                                53.680548
                            ],
                            [
                                10.938123,
                                53.684708
                            ],
                            [
                                10.925256,
                                53.692434
                            ],
                            [
                                10.914559,
                                53.696775
                            ],
                            [
                                10.895594,
                                53.700908
                            ],
                            [
                                10.886292,
                                53.70189
                            ],
                            [
                                10.878851,
                                53.701968
                            ],
                            [
                                10.865518,
                                53.699875
                            ],
                            [
                                10.857456,
                                53.702588
                            ],
                            [
                                10.846604,
                                53.708531
                            ],
                            [
                                10.825159,
                                53.725403
                            ],
                            [
                                10.817407,
                                53.73331
                            ],
                            [
                                10.809656,
                                53.739201
                            ],
                            [
                                10.805935,
                                53.74119
                            ],
                            [
                                10.778133,
                                53.745841
                            ],
                            [
                                10.769296,
                                53.745815
                            ],
                            [
                                10.760925,
                                53.746694
                            ],
                            [
                                10.75891,
                                53.747882
                            ],
                            [
                                10.757824,
                                53.749174
                            ],
                            [
                                10.758444,
                                53.751913
                            ],
                            [
                                10.767436,
                                53.774599
                            ],
                            [
                                10.769607,
                                53.782661
                            ],
                            [
                                10.771002,
                                53.793332
                            ],
                            [
                                10.767436,
                                53.804726
                            ],
                            [
                                10.764956,
                                53.811289
                            ],
                            [
                                10.762785,
                                53.819945
                            ],
                            [
                                10.761545,
                                53.822503
                            ],
                            [
                                10.753018,
                                53.83413
                            ],
                            [
                                10.751623,
                                53.836559
                            ],
                            [
                                10.751003,
                                53.83891
                            ],
                            [
                                10.751003,
                                53.841003
                            ],
                            [
                                10.751313,
                                53.843122
                            ],
                            [
                                10.754104,
                                53.851675
                            ],
                            [
                                10.755499,
                                53.854336
                            ],
                            [
                                10.76325,
                                53.865059
                            ],
                            [
                                10.766971,
                                53.867358
                            ],
                            [
                                10.772552,
                                53.869942
                            ],
                            [
                                10.792758,
                                53.875368
                            ],
                            [
                                10.812291,
                                53.882655
                            ],
                            [
                                10.861332,
                                53.909836
                            ],
                            [
                                10.885207,
                                53.919138
                            ],
                            [
                                10.888772,
                                53.919371
                            ],
                            [
                                10.891718,
                                53.919035
                            ],
                            [
                                10.894974,
                                53.917898
                            ],
                            [
                                10.907273,
                                53.915469
                            ],
                            [
                                10.908358,
                                53.914177
                            ],
                            [
                                10.908203,
                                53.912627
                            ],
                            [
                                10.906963,
                                53.910767
                            ],
                            [
                                10.906032,
                                53.908906
                            ],
                            [
                                10.905877,
                                53.907356
                            ],
                            [
                                10.906652,
                                53.90534
                            ],
                            [
                                10.908668,
                                53.903738
                            ],
                            [
                                10.910528,
                                53.902757
                            ],
                            [
                                10.911613,
                                53.902395
                            ],
                            [
                                10.912854,
                                53.902137
                            ],
                            [
                                10.91766,
                                53.902137
                            ],
                            [
                                10.945255,
                                53.905185
                            ],
                            [
                                10.950681,
                                53.907407
                            ],
                            [
                                10.954608,
                                53.909681
                            ],
                            [
                                10.956882,
                                53.910715
                            ],
                            [
                                10.958432,
                                53.911128
                            ],
                            [
                                10.960499,
                                53.911413
                            ],
                            [
                                10.961274,
                                53.911903
                            ],
                            [
                                10.960499,
                                53.912937
                            ],
                            [
                                10.920295,
                                53.920533
                            ],
                            [
                                10.91828,
                                53.921309
                            ],
                            [
                                10.915334,
                                53.922859
                            ],
                            [
                                10.910683,
                                53.924668
                            ],
                            [
                                10.907428,
                                53.928388
                            ],
                            [
                                10.904172,
                                53.931282
                            ],
                            [
                                10.904482,
                                53.957327
                            ],
                            [
                                10.906016,
                                53.961209
                            ],
                            [
                                10.90211,
                                53.961371
                            ],
                            [
                                10.88738,
                                53.963935
                            ],
                            [
                                10.883556,
                                53.97313
                            ],
                            [
                                10.882579,
                                53.985053
                            ],
                            [
                                10.875499,
                                53.995429
                            ],
                            [
                                10.865571,
                                53.997789
                            ],
                            [
                                10.826915,
                                53.995429
                            ],
                            [
                                10.799653,
                                54.000556
                            ],
                            [
                                10.780447,
                                54.009955
                            ],
                            [
                                10.76588,
                                54.024359
                            ],
                            [
                                10.752615,
                                54.043891
                            ],
                            [
                                10.752615,
                                54.050116
                            ],
                            [
                                10.762869,
                                54.05683
                            ],
                            [
                                10.801443,
                                54.09223
                            ],
                            [
                                10.805431,
                                54.094876
                            ],
                            [
                                10.813324,
                                54.097887
                            ],
                            [
                                10.822276,
                                54.097357
                            ],
                            [
                                10.829356,
                                54.092841
                            ],
                            [
                                10.836111,
                                54.089993
                            ],
                            [
                                10.844574,
                                54.094468
                            ],
                            [
                                10.852387,
                                54.094306
                            ],
                            [
                                10.892833,
                                54.102525
                            ],
                            [
                                10.91033,
                                54.109198
                            ],
                            [
                                10.95045,
                                54.139472
                            ],
                            [
                                11.06658,
                                54.183905
                            ],
                            [
                                11.070974,
                                54.192572
                            ],
                            [
                                11.080577,
                                54.198879
                            ],
                            [
                                11.09018,
                                54.207994
                            ],
                            [
                                11.094493,
                                54.225084
                            ],
                            [
                                11.087738,
                                54.253892
                            ],
                            [
                                11.087087,
                                54.270901
                            ],
                            [
                                11.094493,
                                54.283515
                            ],
                            [
                                11.086599,
                                54.302436
                            ],
                            [
                                11.077403,
                                54.342231
                            ],
                            [
                                11.06658,
                                54.358588
                            ],
                            [
                                11.081798,
                                54.354641
                            ],
                            [
                                11.087738,
                                54.351752
                            ],
                            [
                                11.098399,
                                54.361518
                            ],
                            [
                                11.135509,
                                54.385891
                            ],
                            [
                                11.104177,
                                54.39289
                            ],
                            [
                                11.033946,
                                54.367621
                            ],
                            [
                                11.010509,
                                54.377183
                            ],
                            [
                                10.993175,
                                54.373847
                            ],
                            [
                                10.975841,
                                54.378404
                            ],
                            [
                                11.000824,
                                54.378567
                            ],
                            [
                                11.018809,
                                54.379096
                            ],
                            [
                                11.018809,
                                54.385891
                            ],
                            [
                                10.935313,
                                54.379544
                            ],
                            [
                                10.90089,
                                54.371039
                            ],
                            [
                                10.867931,
                                54.358588
                            ],
                            [
                                10.810802,
                                54.327379
                            ],
                            [
                                10.77711,
                                54.315131
                            ],
                            [
                                10.731293,
                                54.310208
                            ],
                            [
                                10.690196,
                                54.316229
                            ],
                            [
                                10.601085,
                                54.365424
                            ],
                            [
                                10.44337,
                                54.406399
                            ],
                            [
                                10.382823,
                                54.43476
                            ],
                            [
                                10.36085,
                                54.441107
                            ],
                            [
                                10.31837,
                                54.443305
                            ],
                            [
                                10.306895,
                                54.441107
                            ],
                            [
                                10.297618,
                                54.435736
                            ],
                            [
                                10.292491,
                                54.430162
                            ],
                            [
                                10.285818,
                                54.42475
                            ],
                            [
                                10.272146,
                                54.420071
                            ],
                            [
                                10.234386,
                                54.417711
                            ],
                            [
                                10.224376,
                                54.413805
                            ],
                            [
                                10.217133,
                                54.405422
                            ],
                            [
                                10.203868,
                                54.37226
                            ],
                            [
                                10.180349,
                                54.341132
                            ],
                            [
                                10.163748,
                                54.329169
                            ],
                            [
                                10.141775,
                                54.324408
                            ],
                            [
                                10.151622,
                                54.33397
                            ],
                            [
                                10.155528,
                                54.343411
                            ],
                            [
                                10.152517,
                                54.351793
                            ],
                            [
                                10.141775,
                                54.358588
                            ],
                            [
                                10.148285,
                                54.36518
                            ],
                            [
                                10.147797,
                                54.368313
                            ],
                            [
                                10.144379,
                                54.370022
                            ],
                            [
                                10.141775,
                                54.37226
                            ],
                            [
                                10.159028,
                                54.375312
                            ],
                            [
                                10.177094,
                                54.384264
                            ],
                            [
                                10.191254,
                                54.396715
                            ],
                            [
                                10.197032,
                                54.410102
                            ],
                            [
                                10.191742,
                                54.426174
                            ],
                            [
                                10.183849,
                                54.438422
                            ],
                            [
                                10.18393,
                                54.449368
                            ],
                            [
                                10.203868,
                                54.461005
                            ],
                            [
                                10.143403,
                                54.491848
                            ],
                            [
                                10.124685,
                                54.495754
                            ],
                            [
                                9.883311,
                                54.462104
                            ],
                            [
                                9.840098,
                                54.475287
                            ],
                            [
                                9.840098,
                                54.482123
                            ],
                            [
                                9.882009,
                                54.484849
                            ],
                            [
                                9.925304,
                                54.49311
                            ],
                            [
                                9.965587,
                                54.506171
                            ],
                            [
                                9.997813,
                                54.523668
                            ],
                            [
                                10.010427,
                                54.534328
                            ],
                            [
                                10.02003,
                                54.545844
                            ],
                            [
                                10.026866,
                                54.559963
                            ],
                            [
                                10.031912,
                                54.577704
                            ],
                            [
                                10.037608,
                                54.619086
                            ],
                            [
                                10.036957,
                                54.638902
                            ],
                            [
                                10.031912,
                                54.652777
                            ],
                            [
                                10.039073,
                                54.666816
                            ],
                            [
                                10.033539,
                                54.672919
                            ],
                            [
                                10.022146,
                                54.672431
                            ],
                            [
                                10.011404,
                                54.66706
                            ],
                            [
                                9.996349,
                                54.678778
                            ],
                            [
                                9.970225,
                                54.677924
                            ],
                            [
                                9.944102,
                                54.673326
                            ],
                            [
                                9.929454,
                                54.673896
                            ],
                            [
                                9.929942,
                                54.683092
                            ],
                            [
                                9.932384,
                                54.685248
                            ],
                            [
                                9.936697,
                                54.685004
                            ],
                            [
                                9.943126,
                                54.687567
                            ],
                            [
                                9.9463,
                                54.687649
                            ],
                            [
                                9.971039,
                                54.699042
                            ],
                            [
                                9.97047,
                                54.701239
                            ],
                            [
                                9.979828,
                                54.699775
                            ],
                            [
                                9.992198,
                                54.696479
                            ],
                            [
                                10.005382,
                                54.695502
                            ],
                            [
                                10.01824,
                                54.701239
                            ],
                            [
                                9.999522,
                                54.712958
                            ],
                            [
                                9.990489,
                                54.720526
                            ],
                            [
                                9.984141,
                                54.728502
                            ],
                            [
                                9.97047,
                                54.762641
                            ],
                            [
                                9.94752,
                                54.779527
                            ],
                            [
                                9.91505,
                                54.791205
                            ],
                            [
                                9.891449,
                                54.790269
                            ],
                            [
                                9.895356,
                                54.769477
                            ],
                            [
                                9.849864,
                                54.759345
                            ],
                            [
                                9.823741,
                                54.756741
                            ],
                            [
                                9.812185,
                                54.766059
                            ],
                            [
                                9.801768,
                                54.783393
                            ],
                            [
                                9.778087,
                                54.793158
                            ],
                            [
                                9.752126,
                                54.799628
                            ],
                            [
                                9.73463,
                                54.807318
                            ],
                            [
                                9.693044,
                                54.81802
                            ],
                            [
                                9.631602,
                                54.819892
                            ],
                            [
                                9.583181,
                                54.830268
                            ],
                            [
                                9.579926,
                                54.866278
                            ],
                            [
                                9.566905,
                                54.860175
                            ],
                            [
                                9.554373,
                                54.847113
                            ],
                            [
                                9.529959,
                                54.841498
                            ],
                            [
                                9.510997,
                                54.827826
                            ],
                            [
                                9.451427,
                                54.81037
                            ],
                            [
                                9.437503,
                                54.810411
                            ],
                            [
                                9.436922,
                                54.810144
                            ],
                            [
                                9.422143,
                                54.80725
                            ],
                            [
                                9.405193,
                                54.808387
                            ],
                            [
                                9.385039,
                                54.819394
                            ],
                            [
                                9.366952,
                                54.817017
                            ],
                            [
                                9.355997,
                                54.811332
                            ],
                            [
                                9.341734,
                                54.809059
                            ],
                            [
                                9.332019,
                                54.803219
                            ],
                            [
                                9.317033,
                                54.801617
                            ],
                            [
                                9.244066,
                                54.801772
                            ],
                            [
                                9.226392,
                                54.805907
                            ],
                            [
                                9.219054,
                                54.817792
                            ],
                            [
                                9.216057,
                                54.831745
                            ],
                            [
                                9.21151,
                                54.841822
                            ],
                            [
                                9.194766,
                                54.8504
                            ],
                            [
                                8.982686,
                                54.879339
                            ],
                            [
                                8.904138,
                                54.897942
                            ],
                            [
                                8.824246,
                                54.9059
                            ],
                            [
                                8.800889,
                                54.903833
                            ],
                            [
                                8.732779,
                                54.889054
                            ],
                            [
                                8.695882,
                                54.889984
                            ],
                            [
                                8.660776,
                                54.896311
                            ],
                            [
                                8.647227,
                                54.867377
                            ],
                            [
                                8.642752,
                                54.844184
                            ],
                            [
                                8.648448,
                                54.817857
                            ],
                            [
                                8.661876,
                                54.800605
                            ],
                            [
                                8.681326,
                                54.780585
                            ],
                            [
                                8.694347,
                                54.76024
                            ],
                            [
                                8.688731,
                                54.742174
                            ],
                            [
                                8.688731,
                                54.735297
                            ],
                            [
                                8.722667,
                                54.725531
                            ],
                            [
                                8.776703,
                                54.697984
                            ],
                            [
                                8.805431,
                                54.687567
                            ],
                            [
                                8.81837,
                                54.673652
                            ],
                            [
                                8.853282,
                                54.619289
                            ],
                            [
                                8.819021,
                                54.605617
                            ],
                            [
                                8.825857,
                                54.598131
                            ],
                            [
                                8.837087,
                                54.602688
                            ],
                            [
                                8.858165,
                                54.606147
                            ],
                            [
                                8.878754,
                                54.606513
                            ],
                            [
                                8.88795,
                                54.601874
                            ],
                            [
                                8.892833,
                                54.591254
                            ],
                            [
                                8.90447,
                                54.580634
                            ],
                            [
                                8.986095,
                                54.529283
                            ],
                            [
                                9.011567,
                                54.506334
                            ],
                            [
                                9.011485,
                                54.482123
                            ],
                            [
                                9.004731,
                                54.465888
                            ],
                            [
                                8.988048,
                                54.458441
                            ],
                            [
                                8.949473,
                                54.447333
                            ],
                            [
                                8.907237,
                                54.425523
                            ],
                            [
                                8.886078,
                                54.417792
                            ],
                            [
                                8.860688,
                                54.413805
                            ],
                            [
                                8.750824,
                                54.413805
                            ],
                            [
                                8.66977,
                                54.400824
                            ],
                            [
                                8.648448,
                                54.406399
                            ],
                            [
                                8.638438,
                                54.398139
                            ],
                            [
                                8.629161,
                                54.387681
                            ],
                            [
                                8.626231,
                                54.37641
                            ],
                            [
                                8.634776,
                                54.365424
                            ],
                            [
                                8.650645,
                                54.377997
                            ],
                            [
                                8.663829,
                                54.375556
                            ],
                            [
                                8.677582,
                                54.367906
                            ],
                            [
                                8.695567,
                                54.365424
                            ],
                            [
                                8.695567,
                                54.358588
                            ],
                            [
                                8.672048,
                                54.35928
                            ],
                            [
                                8.641368,
                                54.355658
                            ],
                            [
                                8.614024,
                                54.348375
                            ],
                            [
                                8.599864,
                                54.33808
                            ],
                            [
                                8.602712,
                                54.312079
                            ],
                            [
                                8.623383,
                                54.290106
                            ],
                            [
                                8.651866,
                                54.274848
                            ],
                            [
                                8.678477,
                                54.269192
                            ],
                            [
                                8.690196,
                                54.271471
                            ],
                            [
                                8.723481,
                                54.290269
                            ],
                            [
                                8.738943,
                                54.293891
                            ],
                            [
                                8.774669,
                                54.290269
                            ],
                            [
                                8.805431,
                                54.292426
                            ],
                            [
                                8.857595,
                                54.301825
                            ],
                            [
                                8.88795,
                                54.303941
                            ],
                            [
                                8.885916,
                                54.300727
                            ],
                            [
                                8.883067,
                                54.293606
                            ],
                            [
                                8.881114,
                                54.290269
                            ],
                            [
                                8.902599,
                                54.295844
                            ],
                            [
                                8.940278,
                                54.315009
                            ],
                            [
                                8.963145,
                                54.317613
                            ],
                            [
                                8.953136,
                                54.302558
                            ],
                            [
                                8.937511,
                                54.286688
                            ],
                            [
                                8.922048,
                                54.274237
                            ],
                            [
                                8.911469,
                                54.269192
                            ],
                            [
                                8.894216,
                                54.268215
                            ],
                            [
                                8.851899,
                                54.261054
                            ],
                            [
                                8.83961,
                                54.255561
                            ],
                            [
                                8.83961,
                                54.248725
                            ],
                            [
                                8.84669,
                                54.233547
                            ],
                            [
                                8.836274,
                                54.217759
                            ],
                            [
                                8.820974,
                                54.200507
                            ],
                            [
                                8.812836,
                                54.180487
                            ],
                            [
                                8.815684,
                                54.175605
                            ],
                            [
                                8.833344,
                                54.153144
                            ],
                            [
                                8.860688,
                                54.125189
                            ],
                            [
                                8.867442,
                                54.125189
                            ],
                            [
                                8.885427,
                                54.13703
                            ],
                            [
                                8.917979,
                                54.146308
                            ],
                            [
                                8.952891,
                                54.150092
                            ],
                            [
                                8.977306,
                                54.145697
                            ],
                            [
                                8.977306,
                                54.139472
                            ],
                            [
                                8.974457,
                                54.128078
                            ],
                            [
                                8.988129,
                                54.117865
                            ],
                            [
                                9.006684,
                                54.10814
                            ],
                            [
                                9.018321,
                                54.097887
                            ],
                            [
                                9.018565,
                                54.082424
                            ],
                            [
                                9.013031,
                                54.060981
                            ],
                            [
                                9.004893,
                                54.041164
                            ],
                            [
                                8.997244,
                                54.030219
                            ],
                            [
                                8.975352,
                                54.024075
                            ],
                            [
                                8.953868,
                                54.028307
                            ],
                            [
                                8.914561,
                                54.043891
                            ],
                            [
                                8.890636,
                                54.047797
                            ],
                            [
                                8.871837,
                                54.046943
                            ],
                            [
                                8.833344,
                                54.036444
                            ],
                            [
                                8.916026,
                                53.937405
                            ],
                            [
                                8.949474,
                                53.912909
                            ],
                            [
                                8.98463,
                                53.89704
                            ],
                            [
                                9.007823,
                                53.892483
                            ],
                            [
                                9.018321,
                                53.902737
                            ],
                            [
                                9.029959,
                                53.907131
                            ],
                            [
                                9.055431,
                                53.9029
                            ],
                            [
                                9.093435,
                                53.892483
                            ],
                            [
                                9.22047,
                                53.890774
                            ],
                            [
                                9.257823,
                                53.885566
                            ],
                            [
                                9.295584,
                                53.871894
                            ],
                            [
                                9.358735,
                                53.839545
                            ],
                            [
                                9.395193,
                                53.831
                            ],
                            [
                                9.396658,
                                53.811021
                            ],
                            [
                                9.412446,
                                53.778754
                            ],
                            [
                                9.435802,
                                53.748684
                            ],
                            [
                                9.460216,
                                53.735419
                            ],
                            [
                                9.475271,
                                53.732164
                            ],
                            [
                                9.522227,
                                53.71662
                            ],
                            [
                                9.532237,
                                53.711168
                            ],
                            [
                                9.536143,
                                53.693752
                            ],
                            [
                                9.539073,
                                53.66649
                            ],
                            [
                                9.550792,
                                53.634589
                            ],
                            [
                                9.583669,
                                53.612454
                            ],
                            [
                                9.655772,
                                53.584622
                            ],
                            [
                                9.692393,
                                53.575914
                            ],
                            [
                                9.74081,
                                53.572575
                            ],
                            [
                                9.782074,
                                53.569729
                            ],
                            [
                                9.819591,
                                53.556627
                            ],
                            [
                                9.832042,
                                53.543606
                            ],
                            [
                                9.819021,
                                53.540351
                            ],
                            [
                                9.763972,
                                53.54768
                            ],
                            [
                                9.696625,
                                53.556627
                            ],
                            [
                                9.637218,
                                53.581
                            ],
                            [
                                9.624766,
                                53.584622
                            ],
                            [
                                9.600922,
                                53.58633
                            ],
                            [
                                9.582367,
                                53.591295
                            ],
                            [
                                9.567068,
                                53.599595
                            ],
                            [
                                9.498383,
                                53.659858
                            ],
                            [
                                9.484711,
                                53.69009
                            ],
                            [
                                9.470958,
                                53.700629
                            ],
                            [
                                9.442882,
                                53.714301
                            ],
                            [
                                9.40268,
                                53.742418
                            ],
                            [
                                9.305349,
                                53.84455
                            ],
                            [
                                9.283377,
                                53.86164
                            ],
                            [
                                9.274669,
                                53.865139
                            ],
                            [
                                9.240733,
                                53.864163
                            ],
                            [
                                9.224294,
                                53.865912
                            ],
                            [
                                9.210704,
                                53.871975
                            ],
                            [
                                9.193614,
                                53.864692
                            ],
                            [
                                9.114513,
                                53.865139
                            ],
                            [
                                9.035004,
                                53.853583
                            ],
                            [
                                9.016287,
                                53.840522
                            ],
                            [
                                8.976248,
                                53.842434
                            ],
                            [
                                8.903575,
                                53.831733
                            ],
                            [
                                8.860688,
                                53.831
                            ],
                            [
                                8.782481,
                                53.842475
                            ],
                            [
                                8.74464,
                                53.854153
                            ],
                            [
                                8.709158,
                                53.871975
                            ],
                            [
                                8.684581,
                                53.888495
                            ],
                            [
                                8.672699,
                                53.891587
                            ],
                            [
                                8.651866,
                                53.892483
                            ],
                            [
                                8.629242,
                                53.88939
                            ],
                            [
                                8.607107,
                                53.881537
                            ],
                            [
                                8.587576,
                                53.870429
                            ],
                            [
                                8.573253,
                                53.857652
                            ],
                            [
                                8.556163,
                                53.830959
                            ],
                            [
                                8.529633,
                                53.770697
                            ],
                            [
                                8.492198,
                                53.715155
                            ],
                            [
                                8.486095,
                                53.700425
                            ],
                            [
                                8.483897,
                                53.68358
                            ],
                            [
                                8.487071,
                                53.666938
                            ],
                            [
                                8.501231,
                                53.644192
                            ],
                            [
                                8.508311,
                                53.625149
                            ],
                            [
                                8.513038,
                                53.617097
                            ],
                            [
                                8.5171,
                                53.610175
                            ],
                            [
                                8.527517,
                                53.596625
                            ],
                            [
                                8.535167,
                                53.590766
                            ],
                            [
                                8.560802,
                                53.551703
                            ],
                            [
                                8.565766,
                                53.546698
                            ],
                            [
                                8.557203,
                                53.519941
                            ],
                            [
                                8.556651,
                                53.518215
                            ],
                            [
                                8.535818,
                                53.506171
                            ],
                            [
                                8.512869,
                                53.496487
                            ],
                            [
                                8.497569,
                                53.474758
                            ],
                            [
                                8.496755,
                                53.445258
                            ],
                            [
                                8.507335,
                                53.382799
                            ],
                            [
                                8.504405,
                                53.358059
                            ],
                            [
                                8.490896,
                                53.376451
                            ],
                            [
                                8.485037,
                                53.401191
                            ],
                            [
                                8.483897,
                                53.457343
                            ],
                            [
                                8.490001,
                                53.486396
                            ],
                            [
                                8.506196,
                                53.507961
                            ],
                            [
                                8.528168,
                                53.523912
                            ],
                            [
                                8.552094,
                                53.5362
                            ],
                            [
                                8.552094,
                                53.543606
                            ],
                            [
                                8.513438,
                                53.554755
                            ],
                            [
                                8.428071,
                                53.564765
                            ],
                            [
                                8.387706,
                                53.577135
                            ],
                            [
                                8.375499,
                                53.5869
                            ],
                            [
                                8.363292,
                                53.600572
                            ],
                            [
                                8.348481,
                                53.612861
                            ],
                            [
                                8.329356,
                                53.618109
                            ],
                            [
                                8.287608,
                                53.616889
                            ],
                            [
                                8.270681,
                                53.612861
                            ],
                            [
                                8.257335,
                                53.604438
                            ],
                            [
                                8.248871,
                                53.590277
                            ],
                            [
                                8.24171,
                                53.556301
                            ],
                            [
                                8.233165,
                                53.539862
                            ],
                            [
                                8.231212,
                                53.525214
                            ],
                            [
                                8.252208,
                                53.523098
                            ],
                            [
                                8.291515,
                                53.529364
                            ],
                            [
                                8.320486,
                                53.509223
                            ],
                            [
                                8.315115,
                                53.474921
                            ],
                            [
                                8.292817,
                                53.440497
                            ],
                            [
                                8.271739,
                                53.419501
                            ],
                            [
                                8.259451,
                                53.412299
                            ],
                            [
                                8.248709,
                                53.408393
                            ],
                            [
                                8.236501,
                                53.406724
                            ],
                            [
                                8.219737,
                                53.40644
                            ],
                            [
                                8.205333,
                                53.410712
                            ],
                            [
                                8.194835,
                                53.420111
                            ],
                            [
                                8.186697,
                                53.429511
                            ],
                            [
                                8.178559,
                                53.433742
                            ],
                            [
                                8.171397,
                                53.436591
                            ],
                            [
                                8.152354,
                                53.449775
                            ],
                            [
                                8.140636,
                                53.453599
                            ],
                            [
                                8.123871,
                                53.454006
                            ],
                            [
                                8.112478,
                                53.451077
                            ],
                            [
                                8.099783,
                                53.447415
                            ],
                            [
                                8.086192,
                                53.456122
                            ],
                            [
                                8.076996,
                                53.468695
                            ],
                            [
                                8.058767,
                                53.502021
                            ],
                            [
                                8.076345,
                                53.508612
                            ],
                            [
                                8.115733,
                                53.510728
                            ],
                            [
                                8.1338,
                                53.516303
                            ],
                            [
                                8.155447,
                                53.526028
                            ],
                            [
                                8.164887,
                                53.535224
                            ],
                            [
                                8.167979,
                                53.553209
                            ],
                            [
                                8.156749,
                                53.563666
                            ],
                            [
                                8.134613,
                                53.56745
                            ],
                            [
                                8.119151,
                                53.571926
                            ],
                            [
                                8.127615,
                                53.584622
                            ],
                            [
                                8.127615,
                                53.590766
                            ],
                            [
                                8.094086,
                                53.604722
                            ],
                            [
                                8.052908,
                                53.636298
                            ],
                            [
                                8.024913,
                                53.672553
                            ],
                            [
                                8.031423,
                                53.700629
                            ],
                            [
                                8.031423,
                                53.708075
                            ],
                            [
                                7.951427,
                                53.72191
                            ],
                            [
                                7.651378,
                                53.696967
                            ],
                            [
                                7.503917,
                                53.678656
                            ],
                            [
                                7.480235,
                                53.682033
                            ],
                            [
                                7.469574,
                                53.690741
                            ],
                            [
                                7.458832,
                                53.695136
                            ],
                            [
                                7.305024,
                                53.684801
                            ],
                            [
                                7.226085,
                                53.66649
                            ],
                            [
                                7.188975,
                                53.6435
                            ],
                            [
                                7.169444,
                                53.635484
                            ],
                            [
                                7.133149,
                                53.611274
                            ],
                            [
                                7.100922,
                                53.597886
                            ],
                            [
                                7.086762,
                                53.58686
                            ],
                            [
                                7.088878,
                                53.573716
                            ],
                            [
                                7.101899,
                                53.565741
                            ],
                            [
                                7.131114,
                                53.556952
                            ],
                            [
                                7.139985,
                                53.549791
                            ],
                            [
                                7.141775,
                                53.537177
                            ],
                            [
                                7.134532,
                                53.527411
                            ],
                            [
                                7.125011,
                                53.52436
                            ],
                            [
                                7.11964,
                                53.516303
                            ],
                            [
                                7.079356,
                                53.521552
                            ],
                            [
                                7.059744,
                                53.521715
                            ],
                            [
                                7.051443,
                                53.5126
                            ],
                            [
                                7.047048,
                                53.497707
                            ],
                            [
                                7.02768,
                                53.467352
                            ],
                            [
                                7.023285,
                                53.450507
                            ],
                            [
                                7.023611,
                                53.37641
                            ],
                            [
                                7.038259,
                                53.348578
                            ],
                            [
                                7.075206,
                                53.337592
                            ],
                            [
                                7.302908,
                                53.33275
                            ],
                            [
                                7.34254,
                                53.324042
                            ],
                            [
                                7.366547,
                                53.302802
                            ],
                            [
                                7.347667,
                                53.307359
                            ],
                            [
                                7.313162,
                                53.320502
                            ],
                            [
                                7.291515,
                                53.32392
                            ],
                            [
                                7.268321,
                                53.323676
                            ],
                            [
                                7.254731,
                                53.319525
                            ],
                            [
                                7.229503,
                                53.296576
                            ],
                            [
                                7.23699,
                                53.285549
                            ],
                            [
                                7.233572,
                                53.273627
                            ],
                            [
                                7.22462,
                                53.262926
                            ],
                            [
                                7.215831,
                                53.255601
                            ],
                            [
                                7.204438,
                                53.248277
                            ],
                            [
                                7.194591,
                                53.245022
                            ],
                            [
                                7.197472,
                                53.216624
                            ],
                            [
                                7.198506,
                                53.200578
                            ],
                            [
                                7.195405,
                                53.184998
                            ],
                            [
                                7.188584,
                                53.167789
                            ],
                            [
                                7.174425,
                                53.145775
                            ],
                            [
                                7.171944,
                                53.137714
                            ],
                            [
                                7.172668,
                                53.125751
                            ],
                            [
                                7.176492,
                                53.119394
                            ],
                            [
                                7.181349,
                                53.114175
                            ],
                            [
                                7.18507,
                                53.105442
                            ],
                            [
                                7.194372,
                                53.033844
                            ],
                            [
                                7.192821,
                                52.998006
                            ],
                            [
                                7.183623,
                                52.966122
                            ],
                            [
                                7.161919,
                                52.932636
                            ],
                            [
                                7.079857,
                                52.854424
                            ],
                            [
                                7.072151,
                                52.841317
                            ],
                            [
                                7.061977,
                                52.824012
                            ],
                            [
                                7.053295,
                                52.790577
                            ],
                            [
                                7.043993,
                                52.682625
                            ],
                            [
                                7.036655,
                                52.647382
                            ],
                            [
                                7.018465,
                                52.625988
                            ],
                            [
                                6.982808,
                                52.632783
                            ],
                            [
                                6.967719,
                                52.636659
                            ],
                            [
                                6.91842,
                                52.632189
                            ],
                            [
                                6.8654,
                                52.641956
                            ],
                            [
                                6.770522,
                                52.641026
                            ],
                            [
                                6.737035,
                                52.634695
                            ],
                            [
                                6.719083,
                                52.626759
                            ],
                            [
                                6.701792,
                                52.619115
                            ],
                            [
                                6.710164,
                                52.60865
                            ],
                            [
                                6.7082,
                                52.599685
                            ],
                            [
                                6.703652,
                                52.59139
                            ],
                            [
                                6.703962,
                                52.583071
                            ],
                            [
                                6.71099,
                                52.576637
                            ],
                            [
                                6.743753,
                                52.559713
                            ],
                            [
                                6.688253,
                                52.542582
                            ],
                            [
                                6.671716,
                                52.541678
                            ],
                            [
                                6.684015,
                                52.525994
                            ],
                            [
                                6.687529,
                                52.50814
                            ],
                            [
                                6.688976,
                                52.490518
                            ],
                            [
                                6.695074,
                                52.475609
                            ],
                            [
                                6.714814,
                                52.461554
                            ],
                            [
                                6.741169,
                                52.453673
                            ],
                            [
                                6.820338,
                                52.446826
                            ],
                            [
                                6.872014,
                                52.434733
                            ],
                            [
                                6.90023,
                                52.431917
                            ],
                            [
                                6.926481,
                                52.432976
                            ],
                            [
                                6.951493,
                                52.437472
                            ],
                            [
                                6.960794,
                                52.442847
                            ],
                            [
                                6.966995,
                                52.449565
                            ],
                            [
                                6.9733,
                                52.451373
                            ],
                            [
                                7.034175,
                                52.390783
                            ],
                            [
                                7.048231,
                                52.365074
                            ],
                            [
                                7.039756,
                                52.328616
                            ],
                            [
                                7.019705,
                                52.300039
                            ],
                            [
                                7.012471,
                                52.284949
                            ],
                            [
                                7.011851,
                                52.26663
                            ],
                            [
                                7.020739,
                                52.245262
                            ],
                            [
                                7.0266,
                                52.238623
                            ],
                            [
                                7.029111,
                                52.235779
                            ],
                            [
                                7.02632,
                                52.230637
                            ],
                            [
                                6.981878,
                                52.213998
                            ],
                            [
                                6.97113,
                                52.206272
                            ],
                            [
                                6.947668,
                                52.182811
                            ],
                            [
                                6.927721,
                                52.171907
                            ],
                            [
                                6.88483,
                                52.160332
                            ],
                            [
                                6.8654,
                                52.1478
                            ],
                            [
                                6.843282,
                                52.119998
                            ],
                            [
                                6.830673,
                                52.112893
                            ],
                            [
                                6.771576,
                                52.108792
                            ],
                            [
                                6.765871,
                                52.108397
                            ],
                            [
                                6.749851,
                                52.102867
                            ],
                            [
                                6.732901,
                                52.091989
                            ],
                            [
                                6.72763,
                                52.086305
                            ],
                            [
                                6.719465,
                                52.073567
                            ],
                            [
                                6.711404,
                                52.067288
                            ],
                            [
                                6.699415,
                                52.063567
                            ],
                            [
                                6.688873,
                                52.063102
                            ],
                            [
                                6.679881,
                                52.060467
                            ],
                            [
                                6.672957,
                                52.050054
                            ],
                            [
                                6.675024,
                                52.034809
                            ],
                            [
                                6.69094,
                                52.027859
                            ],
                            [
                                6.712851,
                                52.023854
                            ],
                            [
                                6.77817,
                                52.001271
                            ],
                            [
                                6.804008,
                                51.984373
                            ],
                            [
                                6.809176,
                                51.979541
                            ],
                            [
                                6.811656,
                                51.972798
                            ],
                            [
                                6.810726,
                                51.960576
                            ],
                            [
                                6.805662,
                                51.957527
                            ],
                            [
                                6.798014,
                                51.956701
                            ],
                            [
                                6.789849,
                                51.951145
                            ],
                            [
                                6.767008,
                                51.925514
                            ],
                            [
                                6.743753,
                                51.908331
                            ],
                            [
                                6.716675,
                                51.899262
                            ],
                            [
                                6.628153,
                                51.897505
                            ],
                            [
                                6.528624,
                                51.876421
                            ],
                            [
                                6.479428,
                                51.853012
                            ],
                            [
                                6.462892,
                                51.848361
                            ],
                            [
                                6.442531,
                                51.848361
                            ],
                            [
                                6.378453,
                                51.860117
                            ],
                            [
                                6.386617,
                                51.837561
                            ],
                            [
                                6.382483,
                                51.827587
                            ],
                            [
                                6.344966,
                                51.821102
                            ],
                            [
                                6.341969,
                                51.836682
                            ],
                            [
                                6.325743,
                                51.842547
                            ],
                            [
                                6.287399,
                                51.846165
                            ],
                            [
                                6.282851,
                                51.849601
                            ],
                            [
                                6.271792,
                                51.8619
                            ],
                            [
                                6.264661,
                                51.866189
                            ],
                            [
                                6.256393,
                                51.866809
                            ],
                            [
                                6.22518,
                                51.862546
                            ],
                            [
                                6.191384,
                                51.87115
                            ],
                            [
                                6.159241,
                                51.887299
                            ],
                            [
                                6.126995,
                                51.89673
                            ],
                            [
                                6.092992,
                                51.885309
                            ],
                            [
                                6.105394,
                                51.87947
                            ],
                            [
                                6.142705,
                                51.855182
                            ],
                            [
                                6.156141,
                                51.842056
                            ],
                            [
                                6.140018,
                                51.844537
                            ],
                            [
                                6.116453,
                                51.848283
                            ],
                            [
                                6.084,
                                51.853658
                            ],
                            [
                                6.043279,
                                51.846862
                            ],
                            [
                                6.028913,
                                51.842108
                            ],
                            [
                                6.008243,
                                51.832574
                            ],
                            [
                                5.988916,
                                51.827458
                            ],
                            [
                                5.948091,
                                51.822962
                            ],
                            [
                                5.931451,
                                51.81565
                            ],
                            [
                                5.928041,
                                51.806735
                            ],
                            [
                                5.950778,
                                51.795909
                            ],
                            [
                                5.964111,
                                51.776557
                            ],
                            [
                                5.962354,
                                51.756351
                            ],
                            [
                                5.946056,
                                51.746288
                            ],
                            [
                                5.940133,
                                51.742631
                            ],
                            [
                                5.939306,
                                51.731882
                            ],
                            [
                                5.949228,
                                51.729376
                            ],
                            [
                                5.97827,
                                51.729789
                            ],
                            [
                                5.989742,
                                51.726379
                            ],
                            [
                                6.012067,
                                51.715863
                            ],
                            [
                                6.021989,
                                51.709506
                            ],
                            [
                                6.008553,
                                51.681188
                            ],
                            [
                                6.031497,
                                51.662997
                            ],
                            [
                                6.099193,
                                51.644472
                            ],
                            [
                                6.087514,
                                51.622096
                            ],
                            [
                                6.08214,
                                51.607807
                            ],
                            [
                                6.086481,
                                51.595534
                            ],
                            [
                                6.15304,
                                51.538431
                            ],
                            [
                                6.193348,
                                51.509338
                            ],
                            [
                                6.200479,
                                51.476575
                            ],
                            [
                                6.205337,
                                51.458436
                            ],
                            [
                                6.201719,
                                51.438644
                            ],
                            [
                                6.194071,
                                51.417379
                            ],
                            [
                                6.192728,
                                51.398957
                            ],
                            [
                                6.207817,
                                51.387666
                            ],
                            [
                                6.202029,
                                51.378881
                            ],
                            [
                                6.198929,
                                51.35697
                            ],
                            [
                                6.193554,
                                51.344516
                            ],
                            [
                                6.183632,
                                51.335705
                            ],
                            [
                                6.158208,
                                51.324594
                            ],
                            [
                                6.147769,
                                51.318161
                            ],
                            [
                                6.096506,
                                51.25881
                            ],
                            [
                                6.075422,
                                51.242661
                            ],
                            [
                                6.06519,
                                51.231629
                            ],
                            [
                                6.056612,
                                51.211707
                            ],
                            [
                                6.053718,
                                51.189383
                            ],
                            [
                                6.060849,
                                51.170909
                            ],
                            [
                                6.08431,
                                51.162692
                            ],
                            [
                                6.134126,
                                51.184215
                            ],
                            [
                                6.157071,
                                51.179254
                            ],
                            [
                                6.149113,
                                51.176335
                            ],
                            [
                                6.126272,
                                51.164578
                            ],
                            [
                                6.147252,
                                51.152254
                            ],
                            [
                                6.132369,
                                51.139825
                            ],
                            [
                                6.075422,
                                51.120369
                            ],
                            [
                                5.982921,
                                51.074687
                            ],
                            [
                                5.969485,
                                51.06492
                            ],
                            [
                                5.950262,
                                51.03947
                            ],
                            [
                                5.937963,
                                51.030943
                            ],
                            [
                                5.919566,
                                51.029703
                            ],
                            [
                                5.906233,
                                51.037403
                            ],
                            [
                                5.894348,
                                51.047144
                            ],
                            [
                                5.880498,
                                51.052053
                            ],
                            [
                                5.85249,
                                51.042751
                            ]
                        ]
                    ],
                    [
                        [
                            [
                                6.659516,
                                53.599107
                            ],
                            [
                                6.663341,
                                53.587348
                            ],
                            [
                                6.677094,
                                53.575629
                            ],
                            [
                                6.695079,
                                53.570299
                            ],
                            [
                                6.701182,
                                53.571438
                            ],
                            [
                                6.715994,
                                53.576077
                            ],
                            [
                                6.726085,
                                53.577135
                            ],
                            [
                                6.73463,
                                53.575181
                            ],
                            [
                                6.747569,
                                53.565985
                            ],
                            [
                                6.756521,
                                53.562893
                            ],
                            [
                                6.749522,
                                53.572415
                            ],
                            [
                                6.742198,
                                53.578355
                            ],
                            [
                                6.733572,
                                53.582017
                            ],
                            [
                                6.722423,
                                53.584622
                            ],
                            [
                                6.722423,
                                53.590766
                            ],
                            [
                                6.740896,
                                53.593451
                            ],
                            [
                                6.775645,
                                53.602484
                            ],
                            [
                                6.798106,
                                53.604438
                            ],
                            [
                                6.784679,
                                53.620063
                            ],
                            [
                                6.747325,
                                53.618353
                            ],
                            [
                                6.671153,
                                53.604438
                            ],
                            [
                                6.659516,
                                53.599107
                            ]
                        ]
                    ],
                    [
                        [
                            [
                                6.87379,
                                53.672756
                            ],
                            [
                                7.08546,
                                53.686998
                            ],
                            [
                                7.047048,
                                53.694159
                            ],
                            [
                                6.910818,
                                53.683661
                            ],
                            [
                                6.87379,
                                53.672756
                            ]
                        ]
                    ],
                    [
                        [
                            [
                                7.133149,
                                53.708075
                            ],
                            [
                                7.173595,
                                53.701402
                            ],
                            [
                                7.295746,
                                53.711005
                            ],
                            [
                                7.342296,
                                53.722113
                            ],
                            [
                                7.345063,
                                53.722073
                            ],
                            [
                                7.34669,
                                53.723212
                            ],
                            [
                                7.346202,
                                53.727973
                            ],
                            [
                                7.232921,
                                53.729438
                            ],
                            [
                                7.178966,
                                53.724067
                            ],
                            [
                                7.133149,
                                53.708075
                            ]
                        ]
                    ],
                    [
                        [
                            [
                                7.366547,
                                53.727973
                            ],
                            [
                                7.381196,
                                53.728502
                            ],
                            [
                                7.421235,
                                53.721137
                            ],
                            [
                                7.429047,
                                53.722479
                            ],
                            [
                                7.432384,
                                53.724067
                            ],
                            [
                                7.435557,
                                53.727973
                            ],
                            [
                                7.422618,
                                53.734198
                            ],
                            [
                                7.403494,
                                53.736721
                            ],
                            [
                                7.383067,
                                53.734849
                            ],
                            [
                                7.366547,
                                53.727973
                            ]
                        ]
                    ],
                    [
                        [
                            [
                                7.469574,
                                53.745347
                            ],
                            [
                                7.472992,
                                53.731879
                            ],
                            [
                                7.481944,
                                53.727118
                            ],
                            [
                                7.511241,
                                53.727973
                            ],
                            [
                                7.513927,
                                53.74551
                            ],
                            [
                                7.547699,
                                53.750434
                            ],
                            [
                                7.620616,
                                53.749091
                            ],
                            [
                                7.623302,
                                53.749986
                            ],
                            [
                                7.625743,
                                53.749945
                            ],
                            [
                                7.627208,
                                53.750922
                            ],
                            [
                                7.62672,
                                53.755276
                            ],
                            [
                                7.606619,
                                53.7626
                            ],
                            [
                                7.517426,
                                53.762112
                            ],
                            [
                                7.48699,
                                53.76142
                            ],
                            [
                                7.47462,
                                53.756822
                            ],
                            [
                                7.469574,
                                53.745347
                            ]
                        ]
                    ],
                    [
                        [
                            [
                                7.660899,
                                53.762112
                            ],
                            [
                                7.66863,
                                53.75788
                            ],
                            [
                                7.677094,
                                53.757799
                            ],
                            [
                                7.685883,
                                53.761786
                            ],
                            [
                                7.694998,
                                53.769517
                            ],
                            [
                                7.719493,
                                53.759914
                            ],
                            [
                                7.74822,
                                53.760932
                            ],
                            [
                                7.776215,
                                53.767971
                            ],
                            [
                                7.798595,
                                53.776353
                            ],
                            [
                                7.812836,
                                53.776353
                            ],
                            [
                                7.812836,
                                53.783148
                            ],
                            [
                                7.728282,
                                53.786566
                            ],
                            [
                                7.68629,
                                53.780992
                            ],
                            [
                                7.660899,
                                53.762112
                            ]
                        ]
                    ],
                    [
                        [
                            [
                                7.854503,
                                53.784573
                            ],
                            [
                                7.87379,
                                53.776353
                            ],
                            [
                                7.875255,
                                53.788397
                            ],
                            [
                                7.89324,
                                53.788967
                            ],
                            [
                                7.935313,
                                53.783148
                            ],
                            [
                                7.946056,
                                53.784003
                            ],
                            [
                                7.955577,
                                53.782904
                            ],
                            [
                                7.928966,
                                53.792548
                            ],
                            [
                                7.914073,
                                53.795356
                            ],
                            [
                                7.897634,
                                53.796291
                            ],
                            [
                                7.87672,
                                53.794867
                            ],
                            [
                                7.858897,
                                53.79092
                            ],
                            [
                                7.854503,
                                53.784573
                            ]
                        ]
                    ],
                    [
                        [
                            [
                                7.879893,
                                54.193915
                            ],
                            [
                                7.885916,
                                54.19066
                            ],
                            [
                                7.890391,
                                54.187567
                            ],
                            [
                                7.893565,
                                54.183092
                            ],
                            [
                                7.897716,
                                54.182319
                            ],
                            [
                                7.899181,
                                54.178168
                            ],
                            [
                                7.904145,
                                54.180406
                            ],
                            [
                                7.900645,
                                54.19066
                            ],
                            [
                                7.894542,
                                54.194648
                            ],
                            [
                                7.879893,
                                54.193915
                            ]
                        ]
                    ],
                    [
                        [
                            [
                                7.912364,
                                54.192288
                            ],
                            [
                                7.917654,
                                54.186998
                            ],
                            [
                                7.933442,
                                54.189887
                            ],
                            [
                                7.929861,
                                54.195299
                            ],
                            [
                                7.912364,
                                54.192288
                            ]
                        ]
                    ],
                    [
                        [
                            [
                                8.120128,
                                53.714301
                            ],
                            [
                                8.130707,
                                53.718451
                            ],
                            [
                                8.136729,
                                53.717963
                            ],
                            [
                                8.142263,
                                53.715644
                            ],
                            [
                                8.15089,
                                53.714301
                            ],
                            [
                                8.155772,
                                53.716376
                            ],
                            [
                                8.171723,
                                53.725572
                            ],
                            [
                                8.181651,
                                53.727973
                            ],
                            [
                                8.195974,
                                53.727973
                            ],
                            [
                                8.174815,
                                53.737006
                            ],
                            [
                                8.152354,
                                53.739162
                            ],
                            [
                                8.13266,
                                53.734036
                            ],
                            [
                                8.120128,
                                53.721137
                            ],
                            [
                                8.120128,
                                53.714301
                            ]
                        ]
                    ],
                    [
                        [
                            [
                                8.277029,
                                54.782782
                            ],
                            [
                                8.277843,
                                54.756415
                            ],
                            [
                                8.284434,
                                54.742377
                            ],
                            [
                                8.290701,
                                54.745307
                            ],
                            [
                                8.295746,
                                54.759101
                            ],
                            [
                                8.29835,
                                54.776923
                            ],
                            [
                                8.294932,
                                54.831529
                            ],
                            [
                                8.297862,
                                54.835598
                            ],
                            [
                                8.299327,
                                54.855292
                            ],
                            [
                                8.302013,
                                54.862616
                            ],
                            [
                                8.30714,
                                54.865383
                            ],
                            [
                                8.337413,
                                54.87759
                            ],
                            [
                                8.343923,
                                54.879096
                            ],
                            [
                                8.353526,
                                54.87934
                            ],
                            [
                                8.36199,
                                54.876939
                            ],
                            [
                                8.370616,
                                54.868232
                            ],
                            [
                                8.377126,
                                54.866278
                            ],
                            [
                                8.446056,
                                54.866278
                            ],
                            [
                                8.461192,
                                54.868801
                            ],
                            [
                                8.48878,
                                54.881293
                            ],
                            [
                                8.504405,
                                54.886176
                            ],
                            [
                                8.629405,
                                54.882148
                            ],
                            [
                                8.65447,
                                54.893622
                            ],
                            [
                                8.436534,
                                54.887274
                            ],
                            [
                                8.388357,
                                54.894232
                            ],
                            [
                                8.354503,
                                54.912746
                            ],
                            [
                                8.360362,
                                54.948188
                            ],
                            [
                                8.351573,
                                54.966742
                            ],
                            [
                                8.36199,
                                54.986802
                            ],
                            [
                                8.38087,
                                55.003079
                            ],
                            [
                                8.42156,
                                55.016262
                            ],
                            [
                                8.430431,
                                55.030015
                            ],
                            [
                                8.422211,
                                55.042182
                            ],
                            [
                                8.394542,
                                55.04385
                            ],
                            [
                                8.402354,
                                55.048774
                            ],
                            [
                                8.46339,
                                55.050686
                            ],
                            [
                                8.415782,
                                55.065334
                            ],
                            [
                                8.373709,
                                55.03498
                            ],
                            [
                                8.298025,
                                54.912543
                            ],
                            [
                                8.288585,
                                54.891303
                            ],
                            [
                                8.277029,
                                54.782782
                            ]
                        ]
                    ],
                    [
                        [
                            [
                                8.291515,
                                54.66706
                            ],
                            [
                                8.311371,
                                54.651353
                            ],
                            [
                                8.330251,
                                54.631415
                            ],
                            [
                                8.353689,
                                54.618964
                            ],
                            [
                                8.387706,
                                54.626125
                            ],
                            [
                                8.401378,
                                54.632961
                            ],
                            [
                                8.382335,
                                54.639146
                            ],
                            [
                                8.332367,
                                54.693793
                            ],
                            [
                                8.342459,
                                54.701402
                            ],
                            [
                                8.353526,
                                54.707994
                            ],
                            [
                                8.356293,
                                54.709174
                            ],
                            [
                                8.359141,
                                54.70893
                            ],
                            [
                                8.360688,
                                54.710029
                            ],
                            [
                                8.360362,
                                54.71483
                            ],
                            [
                                8.33839,
                                54.71015
                            ],
                            [
                                8.320486,
                                54.698717
                            ],
                            [
                                8.291515,
                                54.66706
                            ]
                        ]
                    ],
                    [
                        [
                            [
                                8.394542,
                                54.71483
                            ],
                            [
                                8.45281,
                                54.693834
                            ],
                            [
                                8.485199,
                                54.688056
                            ],
                            [
                                8.511241,
                                54.693793
                            ],
                            [
                                8.519867,
                                54.689602
                            ],
                            [
                                8.535167,
                                54.686184
                            ],
                            [
                                8.552094,
                                54.685004
                            ],
                            [
                                8.565766,
                                54.687567
                            ],
                            [
                                8.574067,
                                54.694403
                            ],
                            [
                                8.58546,
                                54.713609
                            ],
                            [
                                8.593761,
                                54.721666
                            ],
                            [
                                8.593761,
                                54.728502
                            ],
                            [
                                8.575938,
                                54.746405
                            ],
                            [
                                8.553233,
                                54.754462
                            ],
                            [
                                8.497569,
                                54.756415
                            ],
                            [
                                8.464122,
                                54.754788
                            ],
                            [
                                8.436778,
                                54.748481
                            ],
                            [
                                8.414236,
                                54.735785
                            ],
                            [
                                8.394542,
                                54.71483
                            ]
                        ]
                    ],
                    [
                        [
                            [
                                8.595876,
                                54.513658
                            ],
                            [
                                8.60613,
                                54.499213
                            ],
                            [
                                8.618826,
                                54.492621
                            ],
                            [
                                8.641287,
                                54.492377
                            ],
                            [
                                8.66977,
                                54.501898
                            ],
                            [
                                8.692882,
                                54.523261
                            ],
                            [
                                8.700938,
                                54.547756
                            ],
                            [
                                8.698904,
                                54.55858
                            ],
                            [
                                8.634532,
                                54.542629
                            ],
                            [
                                8.627452,
                                54.539944
                            ],
                            [
                                8.620128,
                                54.537909
                            ],
                            [
                                8.602061,
                                54.529771
                            ],
                            [
                                8.595876,
                                54.513658
                            ]
                        ]
                    ],
                    [
                        [
                            [
                                8.812836,
                                54.501939
                            ],
                            [
                                8.820974,
                                54.49726
                            ],
                            [
                                8.825531,
                                54.491197
                            ],
                            [
                                8.823741,
                                54.485541
                            ],
                            [
                                8.812836,
                                54.482123
                            ],
                            [
                                8.823904,
                                54.470852
                            ],
                            [
                                8.844493,
                                54.466498
                            ],
                            [
                                8.88795,
                                54.468451
                            ],
                            [
                                8.911306,
                                54.475491
                            ],
                            [
                                8.925792,
                                54.486762
                            ],
                            [
                                8.938487,
                                54.499091
                            ],
                            [
                                8.956879,
                                54.509426
                            ],
                            [
                                8.955821,
                                54.51496
                            ],
                            [
                                8.956309,
                                54.519436
                            ],
                            [
                                8.958507,
                                54.522447
                            ],
                            [
                                8.963145,
                                54.523668
                            ],
                            [
                                8.9192,
                                54.530463
                            ],
                            [
                                8.879649,
                                54.52912
                            ],
                            [
                                8.844493,
                                54.519721
                            ],
                            [
                                8.812836,
                                54.501939
                            ]
                        ]
                    ],
                    [
                        [
                            [
                                11.005707,
                                54.468451
                            ],
                            [
                                11.008474,
                                54.454657
                            ],
                            [
                                11.020356,
                                54.45897
                            ],
                            [
                                11.025727,
                                54.458808
                            ],
                            [
                                11.029145,
                                54.454657
                            ],
                            [
                                11.032481,
                                54.447333
                            ],
                            [
                                11.039887,
                                54.447333
                            ],
                            [
                                11.047374,
                                54.453274
                            ],
                            [
                                11.058116,
                                54.455268
                            ],
                            [
                                11.084321,
                                54.454779
                            ],
                            [
                                11.098643,
                                54.451646
                            ],
                            [
                                11.103282,
                                54.443834
                            ],
                            [
                                11.101329,
                                54.423489
                            ],
                            [
                                11.112641,
                                54.415228
                            ],
                            [
                                11.138845,
                                54.412665
                            ],
                            [
                                11.179047,
                                54.414211
                            ],
                            [
                                11.174653,
                                54.416002
                            ],
                            [
                                11.170177,
                                54.420071
                            ],
                            [
                                11.188487,
                                54.426174
                            ],
                            [
                                11.31422,
                                54.413805
                            ],
                            [
                                11.255626,
                                54.478705
                            ],
                            [
                                11.240001,
                                54.495551
                            ],
                            [
                                11.232107,
                                54.501654
                            ],
                            [
                                11.206554,
                                54.514472
                            ],
                            [
                                11.121267,
                                54.535956
                            ],
                            [
                                11.072927,
                                54.531195
                            ],
                            [
                                11.033702,
                                54.508857
                            ],
                            [
                                11.005707,
                                54.468451
                            ]
                        ]
                    ],
                    [
                        [
                            [
                                13.091635,
                                52.41525
                            ],
                            [
                                13.09179,
                                52.414217
                            ],
                            [
                                13.0921,
                                52.4137
                            ],
                            [
                                13.092721,
                                52.413261
                            ],
                            [
                                13.094891,
                                52.411995
                            ],
                            [
                                13.111944,
                                52.403985
                            ],
                            [
                                13.11799,
                                52.402021
                            ],
                            [
                                13.121711,
                                52.401143
                            ],
                            [
                                13.156489,
                                52.396854
                            ],
                            [
                                13.15928,
                                52.397112
                            ],
                            [
                                13.163311,
                                52.398146
                            ],
                            [
                                13.166566,
                                52.401556
                            ],
                            [
                                13.169512,
                                52.403675
                            ],
                            [
                                13.172612,
                                52.405174
                            ],
                            [
                                13.214057,
                                52.417059
                            ],
                            [
                                13.219638,
                                52.417111
                            ],
                            [
                                13.226769,
                                52.415922
                            ],
                            [
                                13.239637,
                                52.411065
                            ],
                            [
                                13.248163,
                                52.40507
                            ],
                            [
                                13.252194,
                                52.40476
                            ],
                            [
                                13.25824,
                                52.405509
                            ],
                            [
                                13.285732,
                                52.412021
                            ],
                            [
                                13.291158,
                                52.414114
                            ],
                            [
                                13.292398,
                                52.414837
                            ],
                            [
                                13.294259,
                                52.415096
                            ],
                            [
                                13.295964,
                                52.41401
                            ],
                            [
                                13.29922,
                                52.41029
                            ],
                            [
                                13.304801,
                                52.40228
                            ],
                            [
                                13.309193,
                                52.401091
                            ],
                            [
                                13.312707,
                                52.400497
                            ],
                            [
                                13.336633,
                                52.405949
                            ],
                            [
                                13.34578,
                                52.407396
                            ],
                            [
                                13.349346,
                                52.405897
                            ],
                            [
                                13.354617,
                                52.401918
                            ],
                            [
                                13.36552,
                                52.395459
                            ],
                            [
                                13.371515,
                                52.389516
                            ],
                            [
                                13.375752,
                                52.38657
                            ],
                            [
                                13.394046,
                                52.381222
                            ],
                            [
                                13.425672,
                                52.381092
                            ],
                            [
                                13.427532,
                                52.38812
                            ],
                            [
                                13.427532,
                                52.390704
                            ],
                            [
                                13.426912,
                                52.393702
                            ],
                            [
                                13.424742,
                                52.398869
                            ],
                            [
                                13.424122,
                                52.401608
                            ],
                            [
                                13.424018,
                                52.40445
                            ],
                            [
                                13.424948,
                                52.407344
                            ],
                            [
                                13.427119,
                                52.409463
                            ],
                            [
                                13.430064,
                                52.411091
                            ],
                            [
                                13.43363,
                                52.412305
                            ],
                            [
                                13.448978,
                                52.415896
                            ],
                            [
                                13.458125,
                                52.416749
                            ],
                            [
                                13.463086,
                                52.415896
                            ],
                            [
                                13.468047,
                                52.4137
                            ],
                            [
                                13.473317,
                                52.407525
                            ],
                            [
                                13.475798,
                                52.403649
                            ],
                            [
                                13.479519,
                                52.400471
                            ],
                            [
                                13.484376,
                                52.398662
                            ],
                            [
                                13.494918,
                                52.397939
                            ],
                            [
                                13.503135,
                                52.398146
                            ],
                            [
                                13.50608,
                                52.398792
                            ],
                            [
                                13.509181,
                                52.399903
                            ],
                            [
                                13.511971,
                                52.40166
                            ],
                            [
                                13.514452,
                                52.403675
                            ],
                            [
                                13.519723,
                                52.404864
                            ],
                            [
                                13.528095,
                                52.404915
                            ],
                            [
                                13.521084,
                                52.404908
                            ],
                            [
                                13.523801,
                                52.41231
                            ],
                            [
                                13.523673,
                                52.41531
                            ],
                            [
                                13.522007,
                                52.419608
                            ],
                            [
                                13.52212,
                                52.423477
                            ],
                            [
                                13.520869,
                                52.424731
                            ],
                            [
                                13.520989,
                                52.426097
                            ],
                            [
                                13.517824,
                                52.427889
                            ],
                            [
                                13.509912,
                                52.428716
                            ],
                            [
                                13.498835,
                                52.432851
                            ],
                            [
                                13.484819,
                                52.440155
                            ],
                            [
                                13.466974,
                                52.448148
                            ],
                            [
                                13.464509,
                                52.449817
                            ],
                            [
                                13.461843,
                                52.453749
                            ],
                            [
                                13.45756,
                                52.45956
                            ],
                            [
                                13.48638,
                                52.459288
                            ],
                            [
                                13.47738,
                                52.461862
                            ],
                            [
                                13.479016,
                                52.464458
                            ],
                            [
                                13.462402,
                                52.475466
                            ],
                            [
                                13.457492,
                                52.472924
                            ],
                            [
                                13.447689,
                                52.478281
                            ],
                            [
                                13.441064,
                                52.473604
                            ],
                            [
                                13.426684,
                                52.481835
                            ],
                            [
                                13.448523,
                                52.497499
                            ],
                            [
                                13.442623,
                                52.501411
                            ],
                            [
                                13.430798,
                                52.508567
                            ],
                            [
                                13.422685,
                                52.505097
                            ],
                            [
                                13.414057,
                                52.507782
                            ],
                            [
                                13.410915,
                                52.503612
                            ],
                            [
                                13.405365,
                                52.505341
                            ],
                            [
                                13.403461,
                                52.503647
                            ],
                            [
                                13.400338,
                                52.499411
                            ],
                            [
                                13.395866,
                                52.498385
                            ],
                            [
                                13.389687,
                                52.498376
                            ],
                            [
                                13.38646,
                                52.499006
                            ],
                            [
                                13.380179,
                                52.49891
                            ],
                            [
                                13.373404,
                                52.504271
                            ],
                            [
                                13.370695,
                                52.515404
                            ],
                            [
                                13.372229,
                                52.520763
                            ],
                            [
                                13.367436,
                                52.524332
                            ],
                            [
                                13.368055,
                                52.528089
                            ],
                            [
                                13.369904,
                                52.528963
                            ],
                            [
                                13.360282,
                                52.537324
                            ],
                            [
                                13.368713,
                                52.541102
                            ],
                            [
                                13.369923,
                                52.541762
                            ],
                            [
                                13.375789,
                                52.542156
                            ],
                            [
                                13.37877,
                                52.544381
                            ],
                            [
                                13.367252,
                                52.55122
                            ],
                            [
                                13.365613,
                                52.557268
                            ],
                            [
                                13.365373,
                                52.561343
                            ],
                            [
                                13.370021,
                                52.564169
                            ],
                            [
                                13.364792,
                                52.573351
                            ],
                            [
                                13.358981,
                                52.573351
                            ],
                            [
                                13.352857,
                                52.580709
                            ],
                            [
                                13.345309,
                                52.589773
                            ],
                            [
                                13.358004,
                                52.593103
                            ],
                            [
                                13.368689,
                                52.60072
                            ],
                            [
                                13.375995,
                                52.609003
                            ],
                            [
                                13.373368,
                                52.61838
                            ],
                            [
                                13.364229,
                                52.62361
                            ],
                            [
                                13.326556,
                                52.625212
                            ],
                            [
                                13.310227,
                                52.629656
                            ],
                            [
                                13.306971,
                                52.631155
                            ],
                            [
                                13.304491,
                                52.633067
                            ],
                            [
                                13.303095,
                                52.635289
                            ],
                            [
                                13.303715,
                                52.644539
                            ],
                            [
                                13.30263,
                                52.647148
                            ],
                            [
                                13.299685,
                                52.651308
                            ],
                            [
                                13.300305,
                                52.653221
                            ],
                            [
                                13.301855,
                                52.654797
                            ],
                            [
                                13.302785,
                                52.656192
                            ],
                            [
                                13.300305,
                                52.656941
                            ],
                            [
                                13.289143,
                                52.657122
                            ],
                            [
                                13.285887,
                                52.656063
                            ],
                            [
                                13.282476,
                                52.65397
                            ],
                            [
                                13.279996,
                                52.648414
                            ],
                            [
                                13.27674,
                                52.643919
                            ],
                            [
                                13.272555,
                                52.639165
                            ],
                            [
                                13.261547,
                                52.633067
                            ],
                            [
                                13.252659,
                                52.629889
                            ],
                            [
                                13.223514,
                                52.627253
                            ],
                            [
                                13.220723,
                                52.625987
                            ],
                            [
                                13.211266,
                                52.609606
                            ],
                            [
                                13.210026,
                                52.606763
                            ],
                            [
                                13.209251,
                                52.603818
                            ],
                            [
                                13.209251,
                                52.600872
                            ],
                            [
                                13.210336,
                                52.598392
                            ],
                            [
                                13.211886,
                                52.596221
                            ],
                            [
                                13.214987,
                                52.593017
                            ],
                            [
                                13.216072,
                                52.591441
                            ],
                            [
                                13.216847,
                                52.589452
                            ],
                            [
                                13.216847,
                                52.587436
                            ],
                            [
                                13.207546,
                                52.586765
                            ],
                            [
                                13.164861,
                                52.598185
                            ],
                            [
                                13.157419,
                                52.600304
                            ],
                            [
                                13.154784,
                                52.599555
                            ],
                            [
                                13.152303,
                                52.597927
                            ],
                            [
                                13.148893,
                                52.592862
                            ],
                            [
                                13.146826,
                                52.590511
                            ],
                            [
                                13.145482,
                                52.588005
                            ],
                            [
                                13.144862,
                                52.585163
                            ],
                            [
                                13.147446,
                                52.580977
                            ],
                            [
                                13.148428,
                                52.575706
                            ],
                            [
                                13.147808,
                                52.566533
                            ],
                            [
                                13.143312,
                                52.551935
                            ],
                            [
                                13.140935,
                                52.524288
                            ],
                            [
                                13.156644,
                                52.50695
                            ],
                            [
                                13.156489,
                                52.504186
                            ],
                            [
                                13.156799,
                                52.501033
                            ],
                            [
                                13.129618,
                                52.481603
                            ],
                            [
                                13.126517,
                                52.480001
                            ],
                            [
                                13.119541,
                                52.477702
                            ],
                            [
                                13.116595,
                                52.47597
                            ],
                            [
                                13.114425,
                                52.4738
                            ],
                            [
                                13.112874,
                                52.471113
                            ],
                            [
                                13.110549,
                                52.465015
                            ],
                            [
                                13.109154,
                                52.458581
                            ],
                            [
                                13.109154,
                                52.455403
                            ],
                            [
                                13.110549,
                                52.449874
                            ],
                            [
                                13.111789,
                                52.447367
                            ],
                            [
                                13.116905,
                                52.441502
                            ],
                            [
                                13.11675,
                                52.440469
                            ],
                            [
                                13.112409,
                                52.438298
                            ],
                            [
                                13.109774,
                                52.436541
                            ],
                            [
                                13.107448,
                                52.434526
                            ],
                            [
                                13.105743,
                                52.432278
                            ],
                            [
                                13.105278,
                                52.429901
                            ],
                            [
                                13.105433,
                                52.428325
                            ],
                            [
                                13.104193,
                                52.426826
                            ],
                            [
                                13.103108,
                                52.425844
                            ],
                            [
                                13.093651,
                                52.418713
                            ],
                            [
                                13.0921,
                                52.416749
                            ],
                            [
                                13.091635,
                                52.41525
                            ]
                        ]
                    ]
                ]
            }
        }
    ]
}